Workbook

Sheet Summary_Tables
A1: Loans by Status (Count & Total Loan Amount)
A2: LoanStatus | B2: Count | C2: Total Loan Amount
A3: Active | B3: =COUNTIF(Loan_Data!$H$2:$H$601,"Active") -> 325 | C3: =SUMIF(Loan_Data!$H$2:$H$601,"Active",Loan_Data!$D$2:$D$601) -> 621868432
A4: Closed | B4: =COUNTIF(Loan_Data!$H$2:$H$601,"Closed") -> 183 | C4: =SUMIF(Loan_Data!$H$2:$H$601,"Closed",Loan_Data!$D$2:$D$601) -> 357081564
A5: Default | B5: =COUNTIF(Loan_Data!$H$2:$H$601,"Default") -> 26 | C5: =SUMIF(Loan_Data!$H$2:$H$601,"Default",Loan_Data!$D$2:$D$601) -> 52683519
A6: NPA | B6: =COUNTIF(Loan_Data!$H$2:$H$601,"NPA") -> 66 | C6: =SUMIF(Loan_Data!$H$2:$H$601,"NPA",Loan_Data!$D$2:$D$601) -> 115164473
A9: Loans by Type (Total Amount)
A10: LoanType | B10: Total Loan Amount
A11: Auto Loan | B11: =SUMIF(Loan_Data!$C$2:$C$601,"Auto Loan",Loan_Data!$D$2:$D$601) -> 67147978
A12: Business Loan | B12: =SUMIF(Loan_Data!$C$2:$C$601,"Business Loan",Loan_Data!$D$2:$D$601) -> 252361965
A13: Education Loan | B13: =SUMIF(Loan_Data!$C$2:$C$601,"Education Loan",Loan_Data!$D$2:$D$601) -> 125694348
A14: Gold Loan | B14: =SUMIF(Loan_Data!$C$2:$C$601,"Gold Loan",Loan_Data!$D$2:$D$601) -> 28138418
A15: Home Loan | B15: =SUMIF(Loan_Data!$C$2:$C$601,"Home Loan",Loan_Data!$D$2:$D$601) -> 630356049
A16: Personal Loan | B16: =SUMIF(Loan_Data!$C$2:$C$601,"Personal Loan",Loan_Data!$D$2:$D$601) -> 43099230
A19: KYC Status Breakdown
A20: KYCStatus | B20: Count
A21: Pending | B21: =COUNTIF(KYC_Data!$E$2:$E$946,"Pending") -> 139
A22: Rejected | B22: =COUNTIF(KYC_Data!$E$2:$E$946,"Rejected") -> 63
A23: Verified | B23: =COUNTIF(KYC_Data!$E$2:$E$946,"Verified") -> 743
A26: Credit Cards by Type (Count & Total Limit)
A27: CardType | B27: Count | C27: Total Limit
A28: Business | B28: =COUNTIF(Creditcard_Data!$C$2:$C$501,"Business") -> 106 | C28: =SUMIF(Creditcard_Data!$C$2:$C$501,"Business",Creditcard_Data!$D$2:$D$501) -> 84800000
A29: Classic | B29: =COUNTIF(Creditcard_Data!$C$2:$C$501,"Classic") -> 91 | C29: =SUMIF(Creditcard_Data!$C$2:$C$501,"Classic",Creditcard_Data!$D$2:$D$501) -> 6825000
A30: Gold | B30: =COUNTIF(Creditcard_Data!$C$2:$C$501,"Gold") -> 104 | C30: =SUMIF(Creditcard_Data!$C$2:$C$501,"Gold",Creditcard_Data!$D$2:$D$501) -> 15600000
A31: Platinum | B31: =COUNTIF(Creditcard_Data!$C$2:$C$501,"Platinum") -> 95 | C31: =SUMIF(Creditcard_Data!$C$2:$C$501,"Platinum",Creditcard_Data!$D$2:$D$501) -> 28500000
A32: Signature | B32: =COUNTIF(Creditcard_Data!$C$2:$C$501,"Signature") -> 104 | C32: =SUMIF(Creditcard_Data!$C$2:$C$501,"Signature",Creditcard_Data!$D$2:$D$501) -> 52000000
A35: Credit Card Status Breakdown
A36: CardStatus | B36: Count
A37: Active | B37: =COUNTIF(Creditcard_Data!$G$2:$G$501,"Active") -> 391
A38: Blocked | B38: =COUNTIF(Creditcard_Data!$G$2:$G$501,"Blocked") -> 54
A39: Closed | B39: =COUNTIF(Creditcard_Data!$G$2:$G$501,"Closed") -> 55
A42: Customers by Region
A43: Region | B43: Customer Count
A44: Central | B44: {=SUMPRODUCT((COUNTIFS(Branches_Data!$A$2:$A$31,Customer_Data!$U$2:$U$1051,Branches_Data!$E$2:$E$31,"Central")>0)*1)} -> 55
A45: East | B45: {=SUMPRODUCT((COUNTIFS(Branches_Data!$A$2:$A$31,Customer_Data!$U$2:$U$1051,Branches_Data!$E$2:$E$31,"East")>0)*1)} -> 180
A46: North | B46: {=SUMPRODUCT((COUNTIFS(Branches_Data!$A$2:$A$31,Customer_Data!$U$2:$U$1051,Branches_Data!$E$2:$E$31,"North")>0)*1)} -> 269
A47: South | B47: {=SUMPRODUCT((COUNTIFS(Branches_Data!$A$2:$A$31,Customer_Data!$U$2:$U$1051,Branches_Data!$E$2:$E$31,"South")>0)*1)} -> 309
A48: West | B48: {=SUMPRODUCT((COUNTIFS(Branches_Data!$A$2:$A$31,Customer_Data!$U$2:$U$1051,Branches_Data!$E$2:$E$31,"West")>0)*1)} -> 237
A51: Customer Status Breakdown
A52: CustomerStatus | B52: Count
A53: Active | B53: =COUNTIF(Customer_Data!$V$2:$V$1051,"Active") -> 866
A54: Inactive | B54: =COUNTIF(Customer_Data!$V$2:$V$1051,"Inactive") -> 184
A57: Gender Split
A58: Gender | B58: Count
A59: Female | B59: =COUNTIF(Customer_Data!$F$2:$F$1051,"Female") -> 515
A60: Male | B60: =COUNTIF(Customer_Data!$F$2:$F$1051,"Male") -> 535
A63: Top 10 Branches by Total Loan Amount
A64: BranchID | B64: Total Loan Amount
A65: BR001 | B65: =SUMIF(Loan_Data!$J$2:$J$601,"BR001",Loan_Data!$D$2:$D$601) -> 26514734
A66: BR002 | B66: =SUMIF(Loan_Data!$J$2:$J$601,"BR002",Loan_Data!$D$2:$D$601) -> 40656254
A67: BR003 | B67: =SUMIF(Loan_Data!$J$2:$J$601,"BR003",Loan_Data!$D$2:$D$601) -> 26638804
A68: BR004 | B68: =SUMIF(Loan_Data!$J$2:$J$601,"BR004",Loan_Data!$D$2:$D$601) -> 36645325
A69: BR005 | B69: =SUMIF(Loan_Data!$J$2:$J$601,"BR005",Loan_Data!$D$2:$D$601) -> 57075678
A70: BR006 | B70: =SUMIF(Loan_Data!$J$2:$J$601,"BR006",Loan_Data!$D$2:$D$601) -> 37022169
A71: BR007 | B71: =SUMIF(Loan_Data!$J$2:$J$601,"BR007",Loan_Data!$D$2:$D$601) -> 67542422
A72: BR008 | B72: =SUMIF(Loan_Data!$J$2:$J$601,"BR008",Loan_Data!$D$2:$D$601) -> 34297028
A73: BR009 | B73: =SUMIF(Loan_Data!$J$2:$J$601,"BR009",Loan_Data!$D$2:$D$601) -> 44874651
A74: BR010 | B74: =SUMIF(Loan_Data!$J$2:$J$601,"BR010",Loan_Data!$D$2:$D$601) -> 48209086
A75: BR011 | B75: =SUMIF(Loan_Data!$J$2:$J$601,"BR011",Loan_Data!$D$2:$D$601) -> 28343185
A76: BR012 | B76: =SUMIF(Loan_Data!$J$2:$J$601,"BR012",Loan_Data!$D$2:$D$601) -> 42114648
A77: BR013 | B77: =SUMIF(Loan_Data!$J$2:$J$601,"BR013",Loan_Data!$D$2:$D$601) -> 39319677
A78: BR014 | B78: =SUMIF(Loan_Data!$J$2:$J$601,"BR014",Loan_Data!$D$2:$D$601) -> 26072753
A79: BR015 | B79: =SUMIF(Loan_Data!$J$2:$J$601,"BR015",Loan_Data!$D$2:$D$601) -> 16674869
A80: BR016 | B80: =SUMIF(Loan_Data!$J$2:$J$601,"BR016",Loan_Data!$D$2:$D$601) -> 30852503
A81: BR017 | B81: =SUMIF(Loan_Data!$J$2:$J$601,"BR017",Loan_Data!$D$2:$D$601) -> 37531134
A82: BR018 | B82: =SUMIF(Loan_Data!$J$2:$J$601,"BR018",Loan_Data!$D$2:$D$601) -> 39877399
A83: BR019 | B83: =SUMIF(Loan_Data!$J$2:$J$601,"BR019",Loan_Data!$D$2:$D$601) -> 23063096
A84: BR020 | B84: =SUMIF(Loan_Data!$J$2:$J$601,"BR020",Loan_Data!$D$2:$D$601) -> 55699160
A85: BR021 | B85: =SUMIF(Loan_Data!$J$2:$J$601,"BR021",Loan_Data!$D$2:$D$601) -> 35623433
A86: BR022 | B86: =SUMIF(Loan_Data!$J$2:$J$601,"BR022",Loan_Data!$D$2:$D$601) -> 38899781
A87: BR023 | B87: =SUMIF(Loan_Data!$J$2:$J$601,"BR023",Loan_Data!$D$2:$D$601) -> 51447843
A88: BR024 | B88: =SUMIF(Loan_Data!$J$2:$J$601,"BR024",Loan_Data!$D$2:$D$601) -> 23152052
A89: BR025 | B89: =SUMIF(Loan_Data!$J$2:$J$601,"BR025",Loan_Data!$D$2:$D$601) -> 27947134
A90: BR026 | B90: =SUMIF(Loan_Data!$J$2:$J$601,"BR026",Loan_Data!$D$2:$D$601) -> 58273145
A91: BR027 | B91: =SUMIF(Loan_Data!$J$2:$J$601,"BR027",Loan_Data!$D$2:$D$601) -> 43981147
A92: BR028 | B92: =SUMIF(Loan_Data!$J$2:$J$601,"BR028",Loan_Data!$D$2:$D$601) -> 32684168
A93: BR029 | B93: =SUMIF(Loan_Data!$J$2:$J$601,"BR029",Loan_Data!$D$2:$D$601) -> 43542130
A94: BR030 | B94: =SUMIF(Loan_Data!$J$2:$J$601,"BR030",Loan_Data!$D$2:$D$601) -> 32222580

Sheet Customer_Data
A1: CustomerID | B1: CustomerName | C1: DOB | D1: DOB_Valid | E1: Age | F1: Gender | G1: Phone | H1: Email | I1: Address | J1: City | K1: State | L1: PAN | M1: PAN_Valid | N1: Aadhaar | O1: Aadhaar_Valid | P1: Occupation | Q1: AnnualIncome | R1: AnnualIncome_Status | S1: AccountOpenDate | T1: AccountOpenDate_Valid | U1: BranchID | V1: CustomerStatus | W1: DuplicateFlag
A2: CUST00964 | B2: Sunil Kumar | C2: 29116 | D2: Yes | E2: 46 | F2: Male | G2: 9217640914 | H2: sunil.kumar964@gmail.com | I2: 178, Ring Road | J2: Gurugram | K2: Haryana | L2: VFXOR1378H | M2: Yes | O2: Missing | P2: Retired | Q2: 1137861 | R2: Disclosed | S2: 44548 | T2: Yes | U2: BR023 | V2: Active | W2: Unique
A3: CUST00065 | B3: Vivek Chowdhury | C3: 34273 | D3: Yes | E3: 32 | F3: Male | G3: 9461450066 | H3: vivek.chowdhury65@gmail.com | I3: 974, FC Road | J3: Ludhiana | K3: Punjab | L3: VOZBQ1888B | M3: Yes | N3: 429026424848 | O3: Yes | P3: Student | Q3: 1084986 | R3: Disclosed | S3: 41072 | T3: Yes | U3: BR025 | V3: Active | W3: Unique
A4: CUST00851 | B4: Sunil Desai | C4: 33788 | D4: Yes | E4: 34 | F4: Male | G4: 9704316147 | H4: sunil.desai851@gmail.com | I4: 150, Park Street | J4: Mumbai | K4: Maharashtra | L4: VEYVZ2679V | M4: Yes | N4: 058305047711 | O4: Yes | P4: Business Owner | Q4: 1184996 | R4: Disclosed | S4: 38932 | T4: Yes | U4: BR015 | V4: Active | W4: Unique
A5: CUST00642 | B5: Nidhi Mehta | C5: 35631 | D5: Yes | E5: 29 | F5: Female | G5: 9273612074 | H5: nidhi.mehta642@gmail.com | I5: 888, Park Street | J5: Surat | K5: Gujarat | L5: EPYFS7861X | M5: Yes | N5: 082561657221 | O5: Yes | P5: Government Employee | Q5: 162469 | R5: Disclosed | S5: 43520 | T5: Yes | U5: BR002 | V5: Active | W5: Unique
A6: CUST00827 | B6: Ritu Chopra | C6: 27687 | D6: Yes | E6: 50 | F6: Female | G6: 1847894038 | H6: ritu.chopra827@gmail.com | I6: 723, FC Road | J6: Thiruvananthapuram | K6: Kerala | L6: IIUMH3252G | M6: Yes | N6: 502565712390 | O6: Yes | P6: Business Owner | Q6: 1918084 | R6: Disclosed | S6: 42877 | T6: Yes | U6: BR025 | V6: Inactive | W6: Unique
A7: CUST00586 | B7: Siddharth Patel | C7: 31112 | D7: Yes | E7: 41 | F7: Male | G7: 9024334316 | H7: siddharth.patel586@gmail.com | I7: 909, MG Road | J7: Delhi | K7: Delhi | L7: VYUYL5923Z | M7: Yes | N7: 668455730970 | O7: Yes | P7: Government Employee | R7: Not Disclosed | S7: 42641 | T7: Yes | U7: BR029 | V7: Active | W7: Unique
A8: CUST00151 | B8: Seema Rane | C8: 29695 | D8: Yes | E8: 45 | F8: Female | G8: 9592476363 | H8: seema.rane151@gmail.com | I8: 59, FC Road | J8: Indore | K8: Madhya Pradesh | L8: GMTAG9670F | M8: Yes | O8: Missing | P8: Student | Q8: 162938 | R8: Disclosed | S8: 45603 | T8: Yes | U8: BR024 | V8: Active | W8: Unique
A9: CUST00517 | B9: Rekha Desai | C9: 31525 | D9: Yes | E9: 40 | F9: Female | G9: 9733385187 | H9: rekha.desai517@gmail.com | I9: 611, Ring Road | J9: Guwahati | K9: Assam | L9: DMVOR2092O | M9: Yes | N9: 784640036423 | O9: Yes | P9: Salaried | Q9: 1391390 | R9: Disclosed | S9: 41307 | T9: Yes | U9: BR001 | V9: Active | W9: Unique
A10: CUST00941 | B10: Shalini Menon | C10: 32696 | D10: Yes | E10: 37 | F10: Female | G10: 9756949781 | H10: shalini.menon941@gmail.com | I10: 449, FC Road | J10: Guwahati | K10: Assam | L10: YOCQC1314V | M10: Yes | N10: 005933312807 | O10: Yes | P10: Self-Employed | R10: Not Disclosed | S10: 39182 | T10: Yes | U10: BR009 | V10: Inactive | W10: Unique
A11: CUST00018 | B11: Vijay Gupta | C11: 27783 | D11: Yes | E11: 50 | F11: Male | G11: 9665072150 | H11: vijay.gupta18@yahoo.com | I11: 337, Park Street | J11: Ahmedabad | K11: Gujarat | L11: YKTEK0449A | M11: Yes | N11: 349806593311 | O11: Yes | P11: Salaried | R11: Not Disclosed | S11: 42778 | T11: Yes | U11: BR026 | V11: Active | W11: Unique
A12: CUST00161 | B12: Rajesh Patel | C12: 20353 | D12: Yes | E12: 70 | F12: Male | G12: 9004362345 | H12: rajesh.patel161@gmail.com | I12: 360, Nehru Nagar | J12: Gurugram | K12: Haryana | L12: DNGTW9281S | M12: Yes | N12: 875195621099 | O12: Yes | P12: Homemaker | R12: Not Disclosed | S12: 38687 | T12: Yes | U12: BR002 | V12: Active | W12: Possible Duplicate
A13: CUST00076 | B13: Nikhil Bose | C13: 36747 | D13: Yes | E13: 25 | F13: Male | G13: 9205521020 | H13: nikhil.bose76@gmail.com | I13: 601, Park Street | J13: Mysuru | K13: Karnataka | L13: EZACD9402C | M13: Yes | N13: 039657598642 | O13: Yes | P13: Unemployed | R13: Not Disclosed | S13: 44117 | T13: Yes | U13: BR030 | V13: Active | W13: Unique
A14: CUST00901 | B14: Radha Bose | C14: 38695 | D14: Yes | E14: 20 | F14: Female | G14: 9750078294 | H14: radha.bose901@yahoo.com | I14: 741, Park Street | J14: Bengaluru | K14: Karnataka | L14: FHITZ7917Y | M14: Yes | N14: 966386873908 | O14: Yes | P14: Government Employee | R14: Not Disclosed | S14: 40903 | T14: Yes | U14: BR010 | V14: Active | W14: Unique
A15: CUST01010 | B15: Neha Bhatt | C15: 36201 | D15: Yes | E15: 27 | F15: Female | G15: 9338146455 | H15: neha.bhatt121@gmail.com | I15: 898, Ring Road | J15: Ranchi | K15: Jharkhand | L15: VVSNJ6874A | M15: Yes | N15: 066714630159 | O15: Yes | P15: Government Employee | R15: Not Disclosed | S15: 38541 | T15: Yes | U15: BR021 | V15: Active | W15: Possible Duplicate
A16: CUST00749 | B16: Vandana Patel | C16: 36157 | D16: Yes | E16: 27 | F16: Female | G16: 9083970669 | H16: vandana.patel749@gmail.com | I16: 794, FC Road | J16: Chennai | K16: Tamil Nadu | L16: JOJSZ9543Q | M16: Yes | N16: 595707681757 | O16: Yes | P16: Government Employee | Q16: 760186 | R16: Disclosed | S16: 41179 | T16: Yes | U16: BR017 | V16: Active | W16: Unique
A17: CUST00158 | B17: Lata Bhatt | C17: 32855 | D17: Yes | E17: 36 | F17: Female | G17: 9926037860 | H17: lata.bhatt158@gmail.com | I17: 293, Church Street | J17: Mumbai | K17: Maharashtra | L17: WKPGR7615G | M17: Yes | N17: 963764443429 | O17: Yes | P17: Freelancer | Q17: 194856 | R17: Disclosed | S17: 43899 | T17: Yes | U17: BR030 | V17: Active | W17: Unique
A18: CUST00001 | B18: Aarti Verma | C18: 30166 | D18: Yes | E18: 44 | F18: Female | G18: 9767363842 | H18: aarti.verma1@gmail.com | I18: 8, MG Road | J18: Noida | K18: Uttar Pradesh | L18: TVZND6915P | M18: Yes | O18: Missing | P18: Salaried | Q18: 281755 | R18: Disclosed | S18: 38933 | T18: Yes | U18: BR008 | V18: Active | W18: Unique
A19: CUST00617 | B19: Pooja Kulkarni | C19: 27663 | D19: Yes | E19: 50 | F19: Female | G19: 9411727617 | H19: pooja.kulkarni617@gmail.com | I19: 25, Park Street | J19: Mumbai | K19: Maharashtra | L19: PYGGE5362C | M19: Yes | N19: 852429368734 | O19: Yes | P19: Government Employee | Q19: 1025219 | R19: Disclosed | S19: 45418 | T19: Yes | U19: BR016 | V19: Active | W19: Unique
A20: CUST00526 | B20: Naveen Kapoor | C20: 32032 | D20: Yes | E20: 38 | F20: Male | G20: 9590786917 | H20: naveen.kapoor526@gmail.com | I20: 938, Church Street | J20: Thiruvananthapuram | K20: Kerala | L20: LLPZC6797F | M20: Yes | N20: 774942760359 | O20: Yes | P20: Government Employee | R20: Not Disclosed | S20: 39417 | T20: Yes | U20: BR021 | V20: Active | W20: Unique
A21: CUST00661 | B21: Suresh Khanna | C21: 37098 | D21: Yes | E21: 25 | F21: Male | G21: 9161950768 | H21: suresh.khanna661@gmail.com | I21: 846, Park Street | J21: Mumbai | K21: Maharashtra | L21: QSHVT2595H | M21: Yes | N21: 253545120295 | O21: Yes | P21: Student | R21: Not Disclosed | S21: 44581 | T21: Yes | U21: BR008 | V21: Active | W21: Unique
A22: CUST00788 | B22: Rekha Verma | C22: 30591 | D22: Yes | E22: 42 | F22: Female | G22: 9716075746 | H22: rekha.verma788@gmail.com | I22: 842, Church Street | J22: Hyderabad | K22: Telangana | L22: YWVXU0402N | M22: Yes | N22: 068421482647 | O22: Yes | P22: Business Owner | R22: Not Disclosed | S22: 45665 | T22: Yes | U22: BR022 | V22: Active | W22: Unique
A23: CUST00598 | B23: Girish Desai | C23: 34042 | D23: Yes | E23: 33 | F23: Male | G23: 9544111561 | H23: girish.desai598@yahoo.com | I23: 820, Park Street | J23: Lucknow | K23: Uttar Pradesh | L23: OZOFG0625O | M23: Yes | N23: 065577328160 | O23: Yes | P23: Business Owner | Q23: 496885 | R23: Disclosed | S23: 43635 | T23: Yes | U23: BR017 | V23: Active | W23: Unique
A24: CUST00075 | B24: Manoj Bansal | C24: 34229 | D24: Yes | E24: 32 | F24: Male | G24: 9145255693 | H24: manoj.bansal75@gmail.com | I24: 569, Ring Road | J24: Thiruvananthapuram | K24: Kerala | L24: UUJPT7601M | M24: Yes | N24: 905520705532 | O24: Yes | P24: Retired | Q24: 1594335 | R24: Disclosed | S24: 44380 | T24: Yes | U24: BR028 | V24: Active | W24: Unique
A25: CUST00462 | B25: Asha Agarwal | C25: 24735 | D25: Yes | E25: 58 | F25: Female | G25: 9578072679 | H25: asha.agarwal462@gmail.com | I25: 391, Park Street | J25: Kanpur | K25: Uttar Pradesh | L25: LCLTV6657W | M25: Yes | N25: 231773759344 | O25: Yes | P25: Freelancer | R25: Not Disclosed | S25: 40784 | T25: Yes | U25: BR003 | V25: Active | W25: Unique
A26: CUST00540 | B26: Swati Nair | C26: 22124 | D26: Yes | E26: 66 | F26: Female | G26: 9810505195 | H26: swati.nair540@gmail.com | I26: 306, FC Road | J26: Coimbatore | K26: Tamil Nadu | L26: NWZCA749 | M26: No | N26: 918674561283 | O26: Yes | P26: Unemployed | Q26: 1833341 | R26: Disclosed | S26: 40250 | T26: Yes | U26: BR014 | V26: Active | W26: Unique
A27: CUST00380 | B27: Gaurav Bhatt | C27: 27714 | D27: Yes | E27: 50 | F27: Male | G27: 9947869211 | H27: gaurav.bhatt380@gmail.com | I27: 230, MG Road | J27: Lucknow | K27: Uttar Pradesh | L27: FWEAE4955C | M27: Yes | N27: 926280584879 | O27: Yes | P27: Freelancer | Q27: 1318688 | R27: Disclosed | S27: 41902 | T27: Yes | U27: BR030 | V27: Inactive | W27: Unique
A28: CUST00796 | B28: Lata Sharma | C28: 34155 | D28: Yes | E28: 33 | F28: Female | H28: lata.sharma796@yahoo.com | I28: 998, Park Street | J28: Ludhiana | K28: Punjab | M28: Missing | N28: 038096791047 | O28: Yes | P28: Student | R28: Not Disclosed | S28: 45988 | T28: Yes | U28: BR016 | V28: Active | W28: Unique
A29: CUST00913 | B29: Rajesh Sharma | C29: 28713 | D29: Yes | E29: 47 | F29: Male | G29: 9214389826 | H29: rajesh.sharma913@gmail.com | I29: 51, Ring Road | J29: Kolkata | K29: West Bengal | L29: FKUTE4684K | M29: Yes | N29: 854579900356 | O29: Yes | P29: Freelancer | R29: Not Disclosed | S29: 44899 | T29: Yes | U29: BR029 | V29: Inactive | W29: Unique
A30: CUST00143 | B30: Aditya Khanna | C30: 35209 | D30: Yes | E30: 30 | F30: Male | G30: 9795339034 | H30: aditya.khanna143@gmail.com | I30: 567, Park Street | J30: Thiruvananthapuram | K30: Kerala | L30: KLWAD8374R | M30: Yes | N30: 324776255019 | O30: Yes | P30: Salaried | R30: Not Disclosed | S30: 39882 | T30: Yes | U30: BR003 | V30: Active | W30: Unique
A31: CUST00402 | B31: Sneha Mehta | C31: 33304 | D31: Yes | E31: 35 | F31: Female | G31: 9284348137 | H31: sneha.mehta402@gmail.com | I31: 768, Ring Road | J31: Nashik | K31: Maharashtra | L31: AFXRM9324S | M31: Yes | N31: 786616140306 | O31: Yes | P31: Self-Employed | R31: Not Disclosed | S31: 39415 | T31: Yes | U31: BR016 | V31: Active | W31: Unique
A32: CUST00713 | B32: Sarita Nair | C32: 34432 | D32: Yes | E32: 32 | F32: Female | G32: 9691951904 | H32: sarita.nair713@yahoo.com | I32: 433, Church Street | J32: Kochi | K32: Kerala | L32: KHHRH6901W | M32: Yes | O32: Missing | P32: Retired | Q32: 1090848 | R32: Disclosed | S32: 39154 | T32: Yes | U32: BR020 | V32: Inactive | W32: Unique
A33: CUST00859 | B33: Aatri Agarwal | C33: 32005 | D33: Yes | E33: 38 | F33: Female | G33: 9605617112 | H33: aarti.agarwal859@yahoo.com | I33: 881, FC Road | J33: Bhopal | K33: Madhya Pradesh | L33: GVLHG8922W | M33: Yes | N33: 133345022360 | O33: Yes | P33: Government Employee | Q33: 2397230 | R33: Disclosed | S33: 43412 | T33: Yes | U33: BR004 | V33: Active | W33: Unique
A34: CUST00696 | B34: Meera Nair | C34: 21902 | D34: Yes | E34: 66 | F34: Female | G34: 9184094587 | I34: 512, Nehru Nagar | J34: Coimbatore | K34: Tamil Nadu | L34: FSPMY8603V | M34: Yes | N34: 571404466581 | O34: Yes | P34: Freelancer | Q34: 1516937 | R34: Disclosed | S34: 38444 | T34: Yes | U34: BR022 | V34: Inactive | W34: Unique
A35: CUST00433 | B35: Rekha Joshi | C35: 20310 | D35: Yes | E35: 70 | F35: Female | G35: 9447651669 | H35: rekha.joshi433@gmail.com | I35: 935, Church Street | J35: Surat | K35: Gujarat | L35: YOBTN0900X | M35: Yes | N35: 128920377599 | O35: Yes | P35: Salaried | Q35: 1103551 | R35: Disclosed | S35: 42926 | T35: Yes | U35: BR025 | V35: Active | W35: Unique
A36: CUST00597 | B36: Payal Yadav | C36: 23762 | D36: Yes | E36: 61 | F36: Female | G36: 9172494639 | H36: payal.yadav597@gmail.com | I36: 382, Ring Road | J36: Guwahati | K36: Assam | L36: VZJGY8967S | M36: Yes | N36: 763034787443 | O36: Yes | P36: Freelancer | Q36: 894253 | R36: Disclosed | S36: 39537 | T36: Yes | U36: BR027 | V36: Inactive | W36: Unique
A37: CUST01014 | B37: Namrata Shah | C37: 24054 | D37: Yes | E37: 60 | F37: Female | G37: 9214309733 | H37: namrata.shah784@gmail.com | I37: 81, FC Road | J37: Jaipur | K37: Rajasthan | M37: Missing | N37: 695669295354 | O37: Yes | P37: Self-Employed | Q37: 1153905 | R37: Disclosed | S37: 43137 | T37: Yes | U37: BR024 | V37: Active | W37: Possible Duplicate
A38: CUST00175 | B38: Varun Iyer | C38: 28617 | D38: Yes | E38: 48 | F38: Male | G38: 9716218783 | H38: varun.iyer175@gmail.com | I38: 24, Nehru Nagar | J38: Guwahati | K38: Assam | L38: AAUDQ5950T | M38: Yes | O38: Missing | P38: Self-Employed | R38: Not Disclosed | S38: 39514 | T38: Yes | U38: BR009 | V38: Active | W38: Unique
A39: CUST00679 | B39: Ritu Mehta | C39: 34625 | D39: Yes | E39: 31 | F39: Female | G39: 9541955824 | H39: ritu.mehta679@gmail.com | I39: 90, Ring Road | J39: Lucknow | K39: Uttar Pradesh | L39: IJKIA0769A | M39: Yes | N39: 919034721195 | O39: Yes | P39: Freelancer | R39: Not Disclosed | S39: 45447 | T39: Yes | U39: BR007 | V39: Active | W39: Unique
A40: CUST01034 | B40: Yogesh Singh | C40: 33334 | D40: Yes | E40: 35 | F40: Male | G40: 9007560427 | H40: yogesh.singh14@yahoo.com | I40: 425, FC Road | J40: Gurugram | K40: Haryana | L40: BNQML021 | M40: No | N40: 196215509941 | O40: Yes | P40: Unemployed | Q40: 160759 | R40: Disclosed | S40: 44300 | T40: Yes | U40: BR027 | V40: Active | W40: Possible Duplicate
A41: CUST00575 | B41: Ajay Pandey | C41: 36360 | D41: Yes | E41: 27 | F41: Male | G41: 9300063502 | H41: ajay.pandey575@gmail.com | I41: 77, FC Road | J41: Ludhiana | K41: Punjab | L41: OJOBV3490I | M41: Yes | N41: 790552441266 | O41: Yes | P41: Salaried | Q41: 2350224 | R41: Disclosed | S41: 39297 | T41: Yes | U41: BR025 | V41: Active | W41: Unique
A42: CUST00932 | B42: Rekha Rao | C42: 32299 | D42: Yes | E42: 38 | F42: Female | G42: 9884122532 | H42: rekha.rao932@gmail.com | I42: 67, FC Road | J42: Guwahati | K42: Assam | L42: BSYQZ5747O | M42: Yes | N42: 664934513671 | O42: Yes | P42: Unemployed | Q42: 667414 | R42: Disclosed | S42: 39509 | T42: Yes | U42: BR006 | V42: Active | W42: Possible Duplicate
A43: CUST00423 | B43: Anita Reddy | C43: 38063 | D43: Yes | E43: 22 | F43: Female | G43: 9636691202 | H43: anita.reddy423@gmail.com | I43: 78, FC Road | J43: Pune | K43: Maharashtra | L43: IHILB6608V | M43: Yes | N43: 197327140115 | O43: Yes | P43: Student | R43: Not Disclosed | S43: 39134 | T43: Yes | U43: BR014 | V43: Active | W43: Unique
A44: CUST00677 | B44: Ritu Verma | C44: 22019 | D44: Yes | E44: 66 | F44: Female | G44: 9647418841 | H44: ritu.verma677@yahoo.com | I44: 238, Church Street | J44: Mysuru | K44: Karnataka | L44: MJMZL9857R | M44: Yes | N44: 147347294560 | O44: Yes | P44: Self-Employed | Q44: 1445958 | R44: Disclosed | S44: 40587 | T44: Yes | U44: BR005 | V44: Active | W44: Unique
A45: CUST00736 | B45: Rakesh Sahrma | C45: 25956 | D45: Yes | E45: 55 | F45: Male | G45: 9892686160 | H45: rakesh.sharma736@gmail.com | I45: 792, Ring Road | J45: Ahmedabad | K45: Gujarat | L45: LMULM6618O | M45: Yes | N45: 251295134134 | O45: Yes | P45: Unemployed | R45: Not Disclosed | S45: 39095 | T45: Yes | U45: BR022 | V45: Active | W45: Possible Duplicate
A46: CUST00745 | B46: Komal Chowdhury | C46: 22721 | D46: Yes | E46: 64 | F46: Female | G46: 9030957487 | H46: komal.chowdhury745@gmail.com | I46: 120, Church Street | J46: Delhi | K46: Delhi | L46: QLSHE9863D | M46: Yes | N46: 469211912838 | O46: Yes | P46: Freelancer | Q46: 1477964 | R46: Disclosed | S46: 41162 | T46: Yes | U46: BR011 | V46: Active | W46: Unique
A47: CUST00163 | B47: Gaurav Gupta | C47: 26322 | D47: Yes | E47: 54 | F47: Male | G47: 98765 | H47: gaurav.gupta163@gmail.com | I47: 844, Park Street | J47: Mumbai | K47: Maharashtra | L47: ETJUK2112S | M47: Yes | N47: 874753275102 | O47: Yes | P47: Unemployed | Q47: 1607360 | R47: Disclosed | S47: 41011 | T47: Yes | U47: BR023 | V47: Inactive | W47: Unique
A48: CUST00262 | B48: Pooja Verma | C48: 20881 | D48: Yes | E48: 69 | F48: Female | G48: 9001417845 | H48: pooja.verma262@gmail.com | I48: 39, FC Road | J48: Indore | K48: Madhya Pradesh | L48: JUPWT4565T | M48: Yes | N48: 591837761716 | O48: Yes | P48: Freelancer | Q48: 1068948 | R48: Disclosed | S48: 45849 | T48: Yes | U48: BR030 | V48: Inactive | W48: Unique
A49: CUST00759 | B49: Rajesh Mishra | C49: 29126 | D49: Yes | E49: 46 | F49: Male | G49: 9490928468 | H49: rajesh.mishra759@gmail.com | I49: 856, Church Street | J49: Guwahati | K49: Assam | L49: GUROI6221O | M49: Yes | N49: 897966485059 | O49: Yes | P49: Retired | Q49: 158215 | R49: Disclosed | S49: 45455 | T49: Yes | U49: BR002 | V49: Active | W49: Unique
A50: CUST00431 | B50: Jyoti Mishra | C50: 27328 | D50: Yes | E50: 51 | F50: Female | G50: 0201640300 | H50: jyoti.mishra431@gmail.com | I50: 839, Ring Road | J50: Surat | K50: Gujarat | M50: Missing | N50: 734992358816 | O50: Yes | P50: Unemployed | R50: Not Disclosed | S50: 40488 | T50: Yes | U50: BR026 | V50: Active | W50: Unique
A51: CUST00150 | B51: Rekha Agarwal | C51: 46577 | D51: No - Future Date | F51: Female | G51: 9800656713 | H51: rekha.agarwal150@yahoo.com | I51: 462, Church Street | J51: Patna | K51: Bihar | L51: XNEKV2396J | M51: Yes | N51: 348706731793 | O51: Yes | P51: Government Employee | R51: Not Disclosed | S51: 44981 | T51: No - Before DOB | U51: BR009 | V51: Active | W51: Unique
A52: CUST00819 | B52: Suresh Gupta | C52: 29592 | D52: Yes | E52: 45 | F52: Male | G52: 9678910527 | H52: suresh.gupta819@gmail.com | I52: 470, MG Road | J52: Delhi | K52: Delhi | M52: Missing | N52: 917476020097 | O52: Yes | P52: Retired | R52: Not Disclosed | S52: 38592 | T52: Yes | U52: BR012 | V52: Active | W52: Unique
A53: CUST00712 | B53: Kavita Arora | C53: 33272 | D53: Yes | E53: 35 | F53: Female | H53: kavita.arora712@gmail.com | I53: 859, Ring Road | J53: Pune | K53: Maharashtra | L53: MVEAD9048C | M53: Yes | N53: 016011220966 | O53: Yes | P53: Retired | R53: Not Disclosed | S53: 38874 | T53: Yes | U53: BR003 | V53: Active | W53: Unique
A54: CUST00233 | B54: Manoj Rao | C54: 38046 | D54: Yes | E54: 22 | F54: Male | G54: 9726434434 | H54: manoj.rao233@gmail.com | I54: 541, MG Road | J54: Gurugram | K54: Haryana | L54: GDYMU0094V | M54: Yes | N54: 675806957576 | O54: Yes | P54: Government Employee | R54: Not Disclosed | S54: 43603 | T54: Yes | U54: BR024 | V54: Active | W54: Unique
A55: CUST01018 | B55: Siddharth Chatterjee | C55: 37630 | D55: Yes | E55: 23 | F55: Male | G55: 9528205632 | H55: siddharth.chatterjee173@gmail.com | I55: 804, Nehru Nagar | J55: Noida | K55: Uttar Pradesh | L55: JOELH6667Y | M55: Yes | N55: 900800917656 | O55: Yes | P55: Homemaker | R55: Not Disclosed | S55: 41422 | T55: Yes | U55: BR017 | V55: Active | W55: Possible Duplicate
A56: CUST00719 | B56: Lata Bose | C56: 25642 | D56: Yes | E56: 56 | F56: Female | G56: 9074653333 | I56: 936, Park Street | J56: Chennai | K56: Tamil Nadu | L56: EJBAZ5436B | M56: Yes | N56: 452557204268 | O56: Yes | P56: Student | R56: Not Disclosed | S56: 45349 | T56: Yes | U56: BR030 | V56: Active | W56: Unique
A57: CUST00331 | B57: Archana Menon | C57: 33167 | D57: Yes | E57: 35 | F57: Female | G57: 9370527296 | H57: archana.menon331@gmail.com | I57: 365, Park Street | J57: Ranchi | K57: Jharkhand | L57: VEWGL9137Z | M57: Yes | N57: 239299652898 | O57: Yes | P57: Business Owner | Q57: 483031 | R57: Disclosed | S57: 44332 | T57: Yes | U57: BR015 | V57: Active | W57: Unique
A58: CUST00704 | B58: Anil Kulkarni | C58: 31889 | D58: Yes | E58: 39 | F58: Male | G58: 9714428147 | H58: anil.kulkarni704@gmail.com | I58: 521, MG Road | J58: Nashik | K58: Maharashtra | L58: WQUWI3950X | M58: Yes | N58: 651010320662 | O58: Yes | P58: Retired | Q58: 2404137 | R58: Disclosed | S58: 43804 | T58: Yes | U58: BR025 | V58: Active | W58: Unique
A59: CUST00618 | B59: Meera Chatterjee | C59: 21086 | D59: Yes | E59: 68 | F59: Female | G59: 9471632926 | H59: meera.chatterjee618@gmail.com | I59: 222, Church Street | J59: Ranchi | K59: Jharkhand | L59: RCEJN9939S | M59: Yes | N59: 560726519571 | O59: Yes | P59: Homemaker | R59: Not Disclosed | S59: 45110 | T59: Yes | U59: BR004 | V59: Inactive | W59: Unique
A60: CUST00088 | B60: Pankaj Joshi | C60: 34580 | D60: Yes | E60: 31 | F60: Male | G60: 9952026249 | H60: pankaj.joshi88@gmail.com | I60: 889, Nehru Nagar | J60: Bhopal | K60: Madhya Pradesh | L60: ESCTG6182I | M60: Yes | N60: 834372575696 | O60: Yes | P60: Homemaker | R60: Not Disclosed | S60: 45757 | T60: Yes | U60: BR016 | V60: Active | W60: Unique
A61: CUST00403 | B61: Priya Kulkarni | C61: 30924 | D61: Yes | E61: 41 | F61: Female | G61: 9118203021 | H61: priya.kulkarni403@gmail.com | I61: 376, Park Street | J61: Surat | K61: Gujarat | M61: Missing | N61: 283156648650 | O61: Yes | P61: Self-Employed | Q61: 932963 | R61: Disclosed | S61: 38694 | T61: Yes | U61: BR020 | V61: Active | W61: Unique
A62: CUST00529 | B62: Arun Verma | C62: 37607 | D62: Yes | E62: 23 | F62: Male | G62: 9501124273 | H62: arun.verma529@gmail.com | I62: 463, MG Road | J62: Pune | K62: Maharashtra | L62: IAXKP3937S | M62: Yes | N62: 279963143631 | O62: Yes | P62: Business Owner | R62: Not Disclosed | S62: 41720 | T62: Yes | U62: BR016 | V62: Active | W62: Unique
A63: CUST00046 | B63: Ashok Chopra | C63: 38625 | D63: Yes | E63: 20 | F63: Male | G63: 9611220325 | H63: ashok.chopra46@yahoo.com | I63: 527, Nehru Nagar | J63: Mysuru | K63: Karnataka | L63: UVJVB7591V | M63: Yes | N63: 729438497285 | O63: Yes | P63: Self-Employed | R63: Not Disclosed | S63: 40624 | T63: Yes | U63: BR023 | V63: Active | W63: Unique
A64: CUST00757 | B64: Divya Chauhan | C64: 21744 | D64: Yes | E64: 67 | F64: Female | G64: 9506457455 | H64: divya.chauhan757@gmail.com | I64: 544, Nehru Nagar | J64: Ahmedabad | K64: Gujarat | L64: LIBDL8664L | M64: Yes | N64: 259409304688 | O64: Yes | P64: Homemaker | R64: Not Disclosed | S64: 42014 | T64: Yes | U64: BR030 | V64: Active | W64: Unique
A65: CUST00676 | B65: Anand Pandey | C65: 38499 | D65: Yes | E65: 21 | F65: Male | G65: 9926998397 | H65: anand.pandey676@gmail.com | I65: 508, Ring Road | J65: Mysuru | K65: Karnataka | L65: FGZSO7181W | M65: Yes | N65: 941468949588 | O65: Yes | P65: Self-Employed | Q65: 968055 | R65: Disclosed | S65: 38369 | T65: No - Before DOB | U65: BR016 | V65: Active | W65: Unique
A66: CUST00123 | B66: Arun Tiwari | C66: 33960 | D66: Yes | E66: 33 | F66: Male | G66: 9339552598 | H66: arun.tiwari123@gmail.com | I66: 321, MG Road | J66: Ludhiana | K66: Punjab | L66: IGXZY9570G | M66: Yes | O66: Missing | P66: Business Owner | Q66: 1328602 | R66: Disclosed | S66: 45940 | T66: Yes | U66: BR010 | V66: Active | W66: Unique
A67: CUST00171 | B67: Sanjay Pillai | C67: 22481 | D67: Yes | E67: 65 | F67: Male | G67: 9879220742 | H67: sanjay.pillai171@gmail.com | I67: 895, Nehru Nagar | J67: Patna | K67: Bihar | L67: NVCEC9344B | M67: Yes | N67: 362714591259 | O67: Yes | P67: Freelancer | R67: Not Disclosed | S67: 43838 | T67: Yes | U67: BR006 | V67: Active | W67: Unique
A68: CUST00822 | B68: Pankaj Kapoor | C68: 28629 | D68: Yes | E68: 48 | F68: Male | G68: 2062378270 | H68: pankaj.kapoor822@gmail.com | I68: 255, Ring Road | J68: Bengaluru | K68: Karnataka | L68: WVXOW0075S | M68: Yes | N68: 648174456450 | O68: Yes | P68: Homemaker | R68: Not Disclosed | S68: 38485 | T68: Yes | U68: BR015 | V68: Active | W68: Unique
A69: CUST00358 | B69: Ajay Verma | C69: 34324 | D69: Yes | E69: 32 | F69: Male | G69: 9835774776 | H69: ajay.verma358@gmail.com | I69: 590, Park Street | J69: Surat | K69: Gujarat | L69: MOHXO8076W | M69: Yes | N69: 858845318952 | O69: Yes | P69: Self-Employed | R69: Not Disclosed | S69: 45378 | T69: Yes | U69: BR005 | V69: Active | W69: Unique
A70: CUST00887 | B70: Manish Trivedi | C70: 22386 | D70: Yes | E70: 65 | F70: Male | G70: 9429787437 | H70: manish.trivedi887@gmail.com | I70: 609, FC Road | J70: Indore | K70: Madhya Pradesh | L70: KVPWZ9687X | M70: Yes | N70: 349286111556 | O70: Yes | P70: Homemaker | Q70: 1587647 | R70: Disclosed | S70: 43658 | T70: Yes | U70: BR007 | V70: Active | W70: Unique
A71: CUST00241 | B71: Archana Kumar | C71: 35188 | D71: Yes | E71: 30 | F71: Female | G71: 9928511718 | H71: archana.kumar241@yahoo.com | I71: 304, Church Street | J71: Indore | K71: Madhya Pradesh | L71: DXYES0462S | M71: Yes | N71: 361874747584 | O71: Yes | P71: Homemaker | R71: Not Disclosed | S71: 41847 | T71: Yes | U71: BR027 | V71: Active | W71: Unique
A72: CUST00477 | B72: Meera Kulkarni | C72: 22591 | D72: Yes | E72: 64 | F72: Female | G72: 9335883362 | H72: meera.kulkarni477@gmail.com | I72: 978, Church Street | J72: Chennai | K72: Tamil Nadu | L72: XZUNC2655Q | M72: Yes | N72: 646366857699 | O72: Yes | P72: Self-Employed | R72: Not Disclosed | S72: 39959 | T72: Yes | U72: BR003 | V72: Active | W72: Unique
A73: CUST00499 | B73: Vijay Mishra | C73: 38298 | D73: Yes | E73: 21 | F73: Male | G73: 9607912049 | H73: vijay.mishra499@gmail.com | I73: 214, Church Street | J73: Hyderabad | K73: Telangana | L73: ZQTNA1331U | M73: Yes | N73: 394993848956 | O73: Yes | P73: Business Owner | Q73: 2129608 | R73: Disclosed | S73: 39659 | T73: Yes | U73: BR016 | V73: Active | W73: Unique
A74: CUST00255 | B74: Prakash Kumar | C74: 24859 | D74: Yes | E74: 58 | F74: Male | G74: 9571369560 | H74: prakash.kumar255@gmail.com | I74: 950, FC Road | J74: Ludhiana | K74: Punjab | M74: Missing | N74: 693869844785 | O74: Yes | P74: Government Employee | Q74: 1611770 | R74: Disclosed | S74: 39924 | T74: Yes | U74: BR017 | V74: Active | W74: Possible Duplicate
A75: CUST00383 | B75: Rakesh Verma | C75: 27523 | D75: Yes | E75: 51 | F75: Male | G75: 9390130242 | H75: rakesh.verma383@gmail.com | I75: 874, Church Street | J75: Kochi | K75: Kerala | L75: WBUTK9669D | M75: Yes | N75: 241433193586 | O75: Yes | P75: Homemaker | R75: Not Disclosed | S75: 44097 | T75: Yes | U75: BR029 | V75: Active | W75: Unique
A76: CUST00688 | B76: Komal Desai | C76: 24162 | D76: Yes | E76: 60 | F76: Female | G76: 9446615949 | H76: komal.desai688@gmail.com | I76: 404, Ring Road | J76: Noida | K76: Uttar Pradesh | L76: XFYIY4664F | M76: Yes | N76: 971775406075 | O76: Yes | P76: Homemaker | Q76: 2236817 | R76: Disclosed | S76: 42240 | T76: Yes | U76: BR026 | V76: Inactive | W76: Unique
A77: CUST00673 | B77: Lata Kumar | C77: 28946 | D77: Yes | E77: 47 | F77: Female | G77: 9246680790 | H77: lata.kumar673@gmail.com | I77: 843, Ring Road | J77: Coimbatore | K77: Tamil Nadu | L77: AYTJP1680Q | M77: Yes | N77: 916542700668 | O77: Yes | P77: Student | R77: Not Disclosed | S77: 43168 | T77: Yes | U77: BR004 | V77: Inactive | W77: Unique
A78: CUST01048 | B78: Rahul Bose | C78: 30778 | D78: Yes | E78: 42 | F78: Male | G78: 9333688311 | H78: rahul.bose244@yahoo.com | I78: 495, Church Street | J78: Coimbatore | K78: Tamil Nadu | L78: MHIUS9975X | M78: Yes | N78: 768258383135 | O78: Yes | P78: Business Owner | Q78: 1492326 | R78: Disclosed | S78: 40926 | T78: Yes | U78: BR029 | V78: Active | W78: Possible Duplicate
A79: CUST00279 | B79: Prakash Trivedi | C79: 31725 | D79: Yes | E79: 39 | F79: Male | G79: 98765 | H79: prakash.trivedi279@gmail.com | I79: 954, Park Street | J79: Kolkata | K79: West Bengal | M79: Missing | N79: 991020138155 | O79: Yes | P79: Unemployed | R79: Not Disclosed | S79: 41627 | T79: Yes | U79: BR008 | V79: Inactive | W79: Unique
A80: CUST00395 | B80: Neha Chauhan | C80: 28473 | D80: Yes | E80: 48 | F80: Female | G80: 9527499204 | H80: neha.chauhan395@gmail.com | I80: 133, FC Road | J80: Ludhiana | K80: Punjab | M80: Missing | N80: 396988285137 | O80: Yes | P80: Retired | R80: Not Disclosed | S80: 39458 | T80: Yes | U80: BR009 | V80: Active | W80: Unique
A81: CUST00751 | B81: Ritu Agarwal | C81: 31508 | D81: Yes | E81: 40 | F81: Female | G81: 9167131953 | H81: ritu.agarwal751@gmail.com | I81: 476, Nehru Nagar | J81: Noida | K81: Uttar Pradesh | L81: GBWRN0829G | M81: Yes | N81: 362957986726 | O81: Yes | P81: Freelancer | Q81: 394274 | R81: Disclosed | S81: 45363 | T81: Yes | U81: BR015 | V81: Active | W81: Unique
A82: CUST00992 | B82: Mahesh Mishra | C82: 31746 | D82: Yes | E82: 39 | F82: Male | G82: 9979263528 | H82: mahesh.mishra992@yahoo.com | I82: 908, Church Street | J82: Noida | K82: Uttar Pradesh | L82: TTMGG9549Z | M82: Yes | O82: Missing | P82: Self-Employed | Q82: 334198 | R82: Disclosed | S82: 43139 | T82: Yes | U82: BR005 | V82: Active | W82: Unique
A83: CUST00392 | B83: Anil Malhotra | C83: 20721 | D83: Yes | E83: 69 | F83: Male | G83: 9593366636 | H83: anil.malhotra392@yahoo.com | I83: 904, Church Street | J83: Delhi | K83: Delhi | L83: ZPBIO1395Y | M83: Yes | N83: 255762018674 | O83: Yes | P83: Business Owner | R83: Not Disclosed | S83: 41044 | T83: Yes | U83: BR007 | V83: Active | W83: Unique
A84: CUST00738 | B84: Suman Ghosh | C84: 24945 | D84: Yes | E84: 58 | F84: Female | G84: 9927859720 | I84: 547, Church Street | J84: Bengaluru | K84: Karnataka | L84: XKGPO9889W | M84: Yes | N84: 408962100035 | O84: Yes | P84: Freelancer | Q84: 1759828 | R84: Disclosed | S84: 42983 | T84: Yes | U84: BR016 | V84: Active | W84: Unique
A85: CUST00332 | B85: Dinesh Bhatt | C85: 29244 | D85: Yes | E85: 46 | F85: Male | G85: 60778890 | H85: dinesh.bhatt332@gmail.com | I85: 47, MG Road | J85: Chennai | K85: Tamil Nadu | L85: GRXMC1989R | M85: Yes | N85: 643719414641 | O85: Yes | P85: Salaried | R85: Not Disclosed | S85: 44328 | T85: Yes | U85: BR003 | V85: Inactive | W85: Unique
A86: CUST00638 | B86: Sunil Patel | C86: 47504 | D86: No - Future Date | F86: Male | G86: 9719713617 | H86: sunil.patel638@gmail.com | I86: 946, Ring Road | J86: Coimbatore | K86: Tamil Nadu | L86: CVEJR0882G | M86: Yes | N86: 026714118801 | O86: Yes | P86: Unemployed | R86: Not Disclosed | S86: 39823 | T86: No - Before DOB | U86: BR004 | V86: Active | W86: Unique
A87: CUST00864 | B87: Rakesh Patel | C87: 38345 | D87: Yes | E87: 21 | F87: Male | G87: 9912430366 | H87: rakesh.patel864@yahoo.com | I87: 142, Church Street | J87: Coimbatore | K87: Tamil Nadu | L87: RURJP3742B | M87: Yes | N87: 0612765297 | O87: No | P87: Homemaker | R87: Not Disclosed | S87: 43074 | T87: Yes | U87: BR001 | V87: Active | W87: Unique
A88: CUST00267 | B88: Suman Desai | C88: 36637 | D88: Yes | E88: 26 | F88: Female | G88: 9886530228 | I88: 78, FC Road | J88: Gurugram | K88: Haryana | L88: FUTBZ5294H | M88: Yes | N88: 059084485982 | O88: Yes | P88: Unemployed | Q88: 2442379 | R88: Disclosed | S88: 38486 | T88: Yes | U88: BR028 | V88: Active | W88: Unique
A89: CUST00874 | B89: Manish Patel | C89: 36031 | D89: Yes | E89: 27 | F89: Male | G89: 9226569835 | H89: manish.patel874@yahoo.com | I89: 953, Church Street | J89: Gurugram | K89: Haryana | L89: KLQKB1110V | M89: Yes | N89: 647662151683 | O89: Yes | P89: Retired | Q89: 1316040 | R89: Disclosed | S89: 39506 | T89: Yes | U89: BR010 | V89: Active | W89: Unique
A90: CUST00564 | B90: Gaurav Chauhan | C90: 23125 | D90: Yes | E90: 63 | F90: Male | G90: 9187798998 | H90: gaurav.chauhan564@yahoo.com | I90: 615, Ring Road | J90: Nashik | K90: Maharashtra | L90: PPUDX6703D | M90: Yes | N90: 088294457445 | O90: Yes | P90: Self-Employed | R90: Not Disclosed | S90: 45011 | T90: Yes | U90: BR003 | V90: Inactive | W90: Unique
A91: CUST00611 | B91: Geeta Trivedi | C91: 34771 | D91: Yes | E91: 31 | F91: Female | G91: 9544985891 | H91: geeta.trivedi611@gmail.com | I91: 40, Ring Road | J91: Coimbatore | K91: Tamil Nadu | L91: IKLDB4671O | M91: Yes | N91: 208367762984 | O91: Yes | P91: Business Owner | Q91: 188373 | R91: Disclosed | S91: 38530 | T91: Yes | U91: BR010 | V91: Active | W91: Unique
A92: CUST00490 | B92: Mahesh Ghosh | C92: 31756 | D92: Yes | E92: 39 | F92: Male | G92: 9934364893 | H92: mahesh.ghosh490@yahoo.com | I92: 65, Nehru Nagar | J92: Noida | K92: Uttar Pradesh | L92: DNFUZ231 | M92: No | O92: Missing | P92: Retired | R92: Not Disclosed | S92: 44116 | T92: Yes | U92: BR022 | V92: Active | W92: Unique
A93: CUST00471 | B93: Mahesh Khanna | C93: 22778 | D93: Yes | E93: 64 | F93: Male | G93: 9450993967 | H93: mahesh.khanna471@gmail.com | I93: 139, Nehru Nagar | J93: Hyderabad | K93: Telangana | L93: YYLIM3436B | M93: Yes | N93: 740042571229 | O93: Yes | P93: Retired | R93: Not Disclosed | S93: 42216 | T93: Yes | U93: BR019 | V93: Active | W93: Unique
A94: CUST00407 | B94: Girish Joshi | C94: 24700 | D94: Yes | E94: 58 | F94: Male | G94: 9466291087 | H94: girish.joshi407@yahoo.com | I94: 641, Nehru Nagar | J94: Kolkata | K94: West Bengal | L94: ZBQFU5222R | M94: Yes | N94: 658063308613 | O94: Yes | P94: Business Owner | Q94: 2216798 | R94: Disclosed | S94: 42182 | T94: Yes | U94: BR007 | V94: Inactive | W94: Unique
A95: CUST00733 | B95: Ajay Chowdhury | C95: 34060 | D95: Yes | E95: 33 | F95: Male | G95: 9879753989 | H95: ajay.chowdhury733@gmail.com | I95: 196, Nehru Nagar | J95: Hyderabad | K95: Telangana | M95: Missing | N95: 092502405890 | O95: Yes | P95: Retired | Q95: 2223641 | R95: Disclosed | S95: 43325 | T95: Yes | U95: BR014 | V95: Active | W95: Unique
A96: CUST01043 | B96: Sneha Arora | C96: 24956 | D96: Yes | E96: 58 | F96: Female | G96: 98765 | H96: sneha.arora439@gmail.com | I96: 887, Park Street | J96: Patna | K96: Bihar | L96: PQWJF9752M | M96: Yes | N96: 584309891076 | O96: Yes | P96: Student | Q96: 756076 | R96: Disclosed | S96: 39852 | T96: Yes | U96: BR011 | V96: Active | W96: Possible Duplicate
A97: CUST00845 | B97: Anjali Iyer | C97: 34955 | D97: Yes | E97: 30 | F97: Female | G97: 9609856207 | H97: anjali.iyer845@gmail.com | I97: 960, Park Street | J97: Ahmedabad | K97: Gujarat | L97: JXKEH2873U | M97: Yes | N97: 597784845306 | O97: Yes | P97: Freelancer | Q97: 1009368 | R97: Disclosed | S97: 41545 | T97: Yes | U97: BR002 | V97: Inactive | W97: Unique
A98: CUST00986 | B98: Neha Menon | C98: 23512 | D98: Yes | E98: 62 | F98: Female | G98: 9937539681 | H98: neha.menon986@yahoo.com | I98: 390, Ring Road | J98: Delhi | K98: Delhi | L98: MOJUI9681C | M98: Yes | N98: 647005206862 | O98: Yes | P98: Freelancer | Q98: 1967916 | R98: Disclosed | S98: 40335 | T98: Yes | U98: BR009 | V98: Inactive | W98: Unique
A99: CUST00963 | B99: Pankaj Mishra | C99: 27886 | D99: Yes | E99: 50 | F99: Male | G99: 9042218809 | H99: pankaj.mishra963@gmail.com | I99: 827, Ring Road | J99: Indore | K99: Madhya Pradesh | L99: HVIHC9989I | M99: Yes | N99: 549363416324 | O99: Yes | P99: Homemaker | Q99: 2162779 | R99: Disclosed | S99: 42508 | T99: Yes | U99: BR027 | V99: Active | W99: Unique
A100: CUST00294 | B100: Prakash Dutta | C100: 34057 | D100: Yes | E100: 33 | F100: Male | G100: 9959749854 | H100: prakash.dutta294@yahoo.com | I100: 142, Ring Road | J100: Surat | K100: Gujarat | L100: DWUHU0713N | M100: Yes | N100: 655687032557 | O100: Yes | P100: Student | Q100: 1322785 | R100: Disclosed | S100: 44356 | T100: Yes | U100: BR014 | V100: Active | W100: Unique
...

Sheet Branches_Data
A1: BranchID | B1: BranchName | C1: City | D1: State | E1: Region | F1: Manager | G1: OpeningDate
A2: BR001 | B2: Indore City Center Branch | C2: Indore | D2: Madhya Pradesh | E2: Central | F2: Ritu Kapoor | G2: 40348
A3: BR002 | B3: Nashik City Center Branch | C3: Nashik | D3: Maharashtra | E3: West | F3: Mahesh Kapoor | G3: 37470
A4: BR003 | B4: Pune Main Branch | C4: Pune | D4: Maharashtra | E4: West | F4: Swati Reddy | G4: 41677
A5: BR004 | B5: Kochi Camp Branch | C5: Kochi | D5: Kerala | E5: South | F5: Nidhi Agarwal | G5: 36507
A6: BR005 | B6: Hyderabad Mg Road Branch | C6: Hyderabad | D6: Telangana | E6: South | F6: Seema Iyer | G6: 41997
A7: BR006 | B7: Coimbatore Main Branch | C7: Coimbatore | D7: Tamil Nadu | E7: South | F7: Namrata Pillai | G7: 41721
A8: BR007 | B8: Chandigarh Station Road Branch | C8: Chandigarh | D8: Punjab | E8: North | F8: Sandeep Kumar | G8: 36546
A9: BR008 | B9: Bengaluru City Center Branch | C9: Bengaluru | D9: Karnataka | E9: South | F9: Anand Singh | G9: 39610
A10: BR009 | B10: Guwahati Main Branch | C10: Guwahati | D10: Assam | E10: East | F10: Swati Bhatt | G10: 43224
A11: BR010 | B11: Kolkata Camp Branch | C11: Kolkata | D11: West Bengal | E11: East | F11: Arun Yadav | G11: 41616
A12: BR011 | B12: Nagpur City Center Branch | C12: Nagpur | D12: Maharashtra | E12: West | F12: Rakesh Kumar | G12: 38599
A13: BR012 | B13: Kanpur Station Road Branch | C13: Kanpur | D13: Uttar Pradesh | E13: North | F13: Siddharth Joshi | G13: 43369
... A31: BR030 | B31: Thiruvananthapuram Camp Branch | C31: Thiruvananthapuram | D31: Kerala | E31: South | F31: Arun Bansal | G31: 35805

Sheet KYC_Data
A1: KYCID | B1: CustomerID | C1: PAN | D1: Aadhaar | E1: KYCStatus | F1: KYCDate | G1: DocumentType
A2: KYC00001 | B2: CUST00491 | C2: IYRGS8977D | D2: 573918697126 | E2: Rejected | F2: 44251 | G2: Voter Id
A3: KYC00002 | B3: CUST00983 | C3: EYIBM4748X | D3: 682553426009 | E3: Verified | F3: 42564 | G3: Aadhaar Card
A4: KYC00003 | B4: CUST00329 | C4: CZGUR9795I | D4: 615580795606 | E4: Verified | F4: 44197 | G4: Passport
A5: KYC00004 | B5: CUST00878 | C5: LPCDW5581T | D5: 926103583850 | E5: Rejected | F5: 40993 | G5: Pan Card
A6: KYC00005 | B6: CUST00749 | C6: JOJSZ9543Q | D6: 595707681757 | E6: Verified | F6: 42619 | G6: Aadhaar Card
A7: KYC00006 | B7: CUST00723 | C7: NLEKH8512L | D7: 340104309161 | E7: Pending | G7: Driving Licence
A8: KYC00007 | B8: CUST00393 | D8: 555890111956 | E8: Verified | F8: 42467 | G8: Driving Licence
A9: KYC00008 | B9: CUST00942 | C9: LSUVY1419G | D9: 552323582789 | E9: Verified | F9: 45799 | G9: Aadhaar Card
A10: KYC00009 | B10: CUST00348 | C10: AQIEG5279O | D10: 148177045487 | E10: Verified | F10: 44967 | G10: Passport
A11: KYC00010 | B11: CUST00031 | D11: 234005323458 | E11: Verified | F11: 45089 | G11: Passport
A12: KYC00011 | B12: CUST00014 | C12: BNQML021 | D12: 196215509941 | E12: Verified | F12: 46001 | G12: Voter Id
A13: KYC00012 | B13: CUST00722 | C13: LHEZG9699X | D13: 964725113437 | E13: Verified | F13: 41040 | G13: Passport
A14: KYC00013 | B14: CUST01044 | C14: NSNLZ2093V | E14: Verified | F14: 43593 | G14: Voter Id
A15: KYC00014 | B15: CUST00530 | C15: OGRCQ4778I | D15: 449119666324 | E15: Verified | F15: 40843 | G15: Driving Licence
A16: KYC00015 | B16: CUST00627 | C16: PGUCG1515X | D16: 200985642534 | E16: Verified | F16: 45443 | G16: Voter Id
A17: KYC00016 | B17: CUST00002 | C17: RJKWB6607U | E17: Verified | F17: 40682 | G17: Aadhaar Card
A18: KYC00017 | B18: CUST00625 | C18: CTNMK7616D | E18: Verified | F18: 44956 | G18: Voter Id
A19: KYC00018 | B19: CUST00897 | C19: NWZFD7024S | D19: 358944626321 | E19: Verified | F19: 41971 | G19: Aadhaar Card
A20: KYC00019 | B20: CUST00248 | C20: IZPEM5298G | D20: 688689933510 | E20: Verified | F20: 45328 | G20: Voter Id
A21: KYC00020 | B21: CUST00832 | C21: UBPZG8734N | D21: 786960748891 | E21: Rejected | F21: 45009 | G21: Pan Card
A22: KYC00021 | B22: CUST00120 | C22: KWBNS1542H | D22: 714336907709 | E22: Verified | F22: 44164 | G22: Aadhaar Card
A23: KYC00022 | B23: CUST00217 | C23: QCTEA8541T | D23: 608368112337 | E23: Verified | F23: 42473 | G23: Aadhaar Card
A24: KYC00023 | B24: CUST00498 | C24: JDPER0599H | D24: 119272522047 | E24: Pending | G24: Voter Id
A25: KYC00024 | B25: CUST00918 | C25: MVGZV4172L | D25: 808168304331 | E25: Verified | F25: 43351 | G25: Voter Id
A26: KYC00025 | B26: CUST00143 | C26: KLWAD8374R | D26: 324776255019 | E26: Verified | F26: 45969 | G26: Aadhaar Card
A27: KYC00026 | B27: CUST00575 | C27: OJOBV3490I | D27: 790552441266 | E27: Verified | F27: 41410 | G27: Aadhaar Card
A28: KYC00027 | B28: CUST00671 | C28: ETTTA2042C | D28: 568503097268 | E28: Verified | F28: 45573 | G28: Voter Id
A29: KYC00028 | B29: CUST00711 | C29: JCIDS8668S | D29: 633159578581 | E29: Verified | F29: 40495 | G29: Driving Licence
A30: KYC00029 | B30: CUST00609 | C30: RZHQR2731B | D30: 388230611337 | E30: Verified | F30: 41595 | G30: Aadhaar Card
A31: KYC00030 | B31: CUST00993 | C31: LGZDC8690L | D31: 633422184326 | E31: Verified | F31: 44730 | G31: Pan Card
A32: KYC00031 | B32: CUST00566 | C32: XBUFU8346N | D32: 681053178020 | E32: Verified | F32: 44198 | G32: Passport
A33: KYC00032 | B33: CUST00620 | C33: PTHEP6340G | D33: 036767913701 | E33: Pending | G33: Aadhaar Card
A34: KYC00033 | B34: CUST00401 | D34: 285507407649 | E34: Verified | F34: 40787 | G34: Driving Licence
A35: KYC00034 | B35: CUST00406 | C35: OKYJM7996W | D35: 802881103428 | E35: Rejected | F35: 44718 | G35: Voter Id
A36: KYC00035 | B36: CUST00619 | C36: NYOUZ9380X | D36: 410155040890 | E36: Verified | F36: 45444 | G36: Driving Licence
A37: KYC00036 | B37: CUST00112 | C37: TMZPJ4426Z | E37: Verified | F37: 41980 | G37: Pan Card
A38: KYC00037 | B38: CUST00290 | C38: JRCKW3754C | D38: 257571915979 | E38: Pending | G38: Passport
A39: KYC00038 | B39: CUST00110 | C39: ZNDAY7991Z | D39: 556289796779 | E39: Pending | G39: Driving Licence
A40: KYC00039 | B40: CUST00466 | C40: HVSEO8689V | D40: 888917118152 | E40: Verified | F40: 42627 | G40: Voter Id
A41: KYC00040 | B41: CUST00753 | C41: ZYJIF9065U | D41: 066833087836 | E41: Verified | F41: 40195 | G41: Driving Licence
A42: KYC00041 | B42: CUST00877 | C42: DQKER5693V | D42: 126774628862 | E42: Verified | F42: 45230 | G42: Voter Id
A43: KYC00042 | B43: CUST00053 | C43: AVZDV3665G | D43: 800941983041 | E43: Verified | F43: 45031 | G43: Driving Licence
A44: KYC00043 | B44: CUST00275 | C44: IGDUU5670R | D44: 566088243059 | E44: Verified | F44: 45542 | G44: Pan Card
A45: KYC00044 | B45: CUST00631 | C45: LESVB1882X | D45: 619326349980 | E45: Verified | F45: 43550 | G45: Driving Licence
A46: KYC00045 | B46: CUST00409 | C46: OHZUG9507X | D46: 802761482179 | E46: Rejected | F46: 44640 | G46: Driving Licence
A47: KYC00046 | B47: CUST00499 | C47: ZQTNA1331U | D47: 394993848956 | E47: Pending | G47: Aadhaar Card
A48: KYC00047 | B48: CUST00184 | C48: ECHZF5024J | D48: 864902335635 | E48: Verified | F48: 44775 | G48: Aadhaar Card
A49: KYC00048 | B49: CUST00775 | C49: BIRSU7111Z | D49: 491425877329 | E49: Verified | F49: 43675 | G49: Voter Id
A50: KYC00049 | B50: CUST01016 | C50: NKZKB9731M | D50: 738893848378 | E50: Pending | G50: Aadhaar Card
A51: KYC00050 | B51: CUST00676 | C51: FGZSO7181W | D51: 941468949588 | E51: Verified | F51: 43338 | G51: Passport
A52: KYC00051 | B52: CUST00588 | C52: WGQFR1484L | D52: 730648361340 | E52: Verified | F52: 42282 | G52: Pan Card
A53: KYC00052 | B53: CUST00474 | C53: DYMMC5320T | D53: 762600752043 | E53: Verified | F53: 43888 | G53: Passport
A54: KYC00053 | B54: CUST00434 | C54: AVOYX7537O | D54: 257864663165 | E54: Verified | F54: 40253 | G54: Passport
A55: KYC00054 | B55: CUST00536 | C55: UFHYU8081L | D55: 762447776457 | E55: Verified | F55: 41782 | G55: Aadhaar Card
A56: KYC00055 | B56: CUST00395 | D56: 396988285137 | E56: Pending | G56: Driving Licence
A57: KYC00056 | B57: CUST00881 | C57: MYBLD3385J | D57: 907762103628 | E57: Verified | F57: 40722 | G57: Passport
A58: KYC00057 | B58: CUST00984 | C58: EDQGU974 | D58: 321897975383 | E58: Pending | G58: Driving Licence
A59: KYC00058 | B59: CUST00029 | C59: BMNDV5571N | D59: 885319295201 | E59: Verified | F59: 40331 | G59: Driving Licence
A60: KYC00059 | B60: CUST00438 | C60: BAOOV6406U | D60: 612636643862 | E60: Verified | F60: 44252 | G60: Driving Licence
A61: KYC00060 | B61: CUST00382 | C61: YWGAG5028J | D61: 120130898391 | E61: Verified | F61: 44578 | G61: Pan Card
A62: KYC00061 | B62: CUST00559 | C62: FUAPP6965F | D62: 260153569776 | E62: Pending | G62: Aadhaar Card
A63: KYC00062 | B63: CUST00222 | C63: VLWHZ0634Y | D63: 263125116708 | E63: Verified | F63: 45964 | G63: Voter Id
A64: KYC00063 | B64: CUST00611 | C64: IKLDB4671O | D64: 208367762984 | E64: Verified | F64: 40507 | G64: Driving Licence
A65: KYC00064 | B65: CUST00307 | C65: QHOAZ9724S | D65: 204931956008 | E65: Verified | F65: 41253 | G65: Pan Card
A66: KYC00065 | B66: CUST00344 | C66: PJPQG3578C | D66: 119972510811 | E66: Verified | F66: 41649 | G66: Passport
A67: KYC00066 | B67: CUST00570 | C67: CCABR3814Z | D67: 568863497884 | E67: Pending | G67: Voter Id
A68: KYC00067 | B68: CUST00299 | C68: RCFHW5089O | D68: 906461367118 | E68: Verified | F68: 45885 | G68: Passport
A69: KYC00068 | B69: CUST00630 | C69: UCXAM6167G | D69: 974624340139 | E69: Verified | F69: 45904 | G69: Driving Licence
A70: KYC00069 | B70: CUST00802 | C70: NYGWI1495J | D70: 561550603155 | E70: Verified | F70: 43531 | G70: Voter Id
A71: KYC00070 | B71: CUST00476 | C71: OEKHA2425E | D71: 123203044258 | E71: Verified | F71: 44257 | G71: Passport
A72: KYC00071 | B72: CUST00095 | C72: IUCZN9203W | D72: 130883817707 | E72: Pending | G72: Driving Licence
A73: KYC00072 | B73: CUST00706 | D73: 624932885067 | E73: Pending | G73: Aadhaar Card
A74: KYC00073 | B74: CUST01048 | C74: MHIUS9975X | D74: 768258383135 | E74: Verified | F74: 44855 | G74: Aadhaar Card
A75: KYC00074 | B75: CUST00076 | C75: EZACD9402C | D75: 039657598642 | E75: Rejected | F75: 45696 | G75: Passport
A76: KYC00075 | B76: CUST00105 | D76: 1068487626 | E76: Verified | F76: 44913 | G76: Aadhaar Card
A77: KYC00076 | B77: CUST00739 | C77: MDRPE4211R | D77: 736088599349 | E77: Verified | F77: 45084 | G77: Voter Id
A78: KYC00077 | B78: CUST00189 | C78: OAVHV3381H | D78: 525636585996 | E78: Verified | F78: 42266 | G78: Driving Licence
A79: KYC00078 | B79: CUST00999 | C79: UCLBE9177T | D79: 614778241585 | E79: Verified | F79: 43819 | G79: Aadhaar Card
A80: KYC00079 | B80: CUST00991 | C80: YSSRE7333L | D80: 100256664229 | E80: Verified | F80: 42760 | G80: Driving Licence
A81: KYC00080 | B81: CUST00360 | C81: QHRCI3355J | D81: 713296689410 | E81: Rejected | F81: 40631 | G81: Pan Card
A82: KYC00081 | B82: CUST00412 | C82: DWFNX9078V | D82: 874940682954 | E82: Verified | F82: 42816 | G82: Voter Id
A83: KYC00082 | B83: CUST00132 | C83: CBXML3555K | D83: 244494981171 | E83: Verified | F83: 45260 | G83: Voter Id
A84: KYC00083 | B84: CUST00928 | C84: JJIWS4044X | D84: 109317113236 | E84: Verified | F84: 43360 | G84: Aadhaar Card
A85: KYC00084 | B85: CUST00894 | C85: SBLVU5462H | D85: 329106787974 | E85: Verified | F85: 43620 | G85: Driving Licence
A86: KYC00085 | B86: CUST01049 | C86: TIZED630 | D86: 585086681055 | E86: Pending | G86: Voter Id
A87: KYC00086 | B87: CUST00220 | C87: NUWCX6977L | D87: 248760635684 | E87: Verified | F87: 45128 | G87: Voter Id
A88: KYC00087 | B88: CUST00054 | C88: XUBZN7991R | D88: 289092873881 | E88: Verified | F88: 40535 | G88: Aadhaar Card
A89: KYC00088 | B89: CUST00366 | C89: NKMLW9614Z | D89: 952407469910 | E89: Pending | G89: Pan Card
A90: KYC00089 | B90: CUST00875 | C90: GAGJC2248M | D90: 577118757230 | E90: Verified | F90: 40555 | G90: Pan Card
A91: KYC00090 | B91: CUST00372 | C91: WVHHK7311C | D91: 742733519622 | E91: Pending | G91: Driving Licence
A92: KYC00091 | B92: CUST00171 | C92: NVCEC9344B | D92: 362714591259 | E92: Verified | F92: 43556 | G92: Pan Card
A93: KYC00092 | B93: CUST00300 | C93: UCTHC2766D | D93: 306912185739 | E93: Verified | F93: 41490 | G93: Pan Card
A94: KYC00093 | B94: CUST00430 | C94: LPGUC9461Z | D94: 152213802920 | E94: Verified | F94: 42285 | G94: Passport
A95: KYC00094 | B95: CUST01028 | C95: TUQOM3637A | D95: 765462792413 | E95: Verified | F95: 41958 | G95: Aadhaar Card
A96: KYC00095 | B96: CUST00368 | C96: APVPH2487G | E96: Verified | F96: 42994 | G96: Aadhaar Card
A97: KYC00096 | B97: CUST00870 | C97: HPHCS1698W | D97: 169358513733 | E97: Verified | F97: 45114 | G97: Pan Card
A98: KYC00097 | B98: CUST00154 | C98: SMVMS3938F | D98: 787081439689 | E98: Verified | F98: 42308 | G98: Voter Id
A99: KYC00098 | B99: CUST00197 | C99: DLXSX1840D | D99: 269872013476 | E99: Verified | F99: 45304 | G99: Aadhaar Card
A100: KYC00099 | B100: CUST00362 | C100: NFMQJ5722M | D100: 022009935640 | E100: Verified | F100: 40368 | G100: Passport
...

Sheet Loan_Data
A1: LoanID | B1: CustomerID | C1: LoanType | D1: LoanAmount | E1: InterestRate | F1: TenureMonths | G1: SanctionDate | H1: LoanStatus | I1: OutstandingAmount | J1: BranchID | K1: OutstandingAmount_Status
A2: LN00001 | B2: CUST00206 | C2: Gold Loan | D2: 139928 | E2: 8.37 | F2: 24 | G2: 44333 | H2: Closed | I2: 0 | J2: BR006 | K2: OK
A3: LN00002 | B3: CUST00307 | C3: Auto Loan | D3: 488294 | E3: 8.52 | F3: 12 | G3: 42420 | H3: Closed | I3: 0 | J3: BR008 | K3: OK
A4: LN00003 | B4: CUST00233 | C4: Home Loan | D4: 8997711 | E4: 13.22 | F4: 120 | G4: 44461 | H4: Active | I4: 6795003.2 | J4: BR005 | K4: OK
A5: LN00004 | B5: CUST00402 | C5: Personal Loan | D5: 842321 | E5: 7.76 | F5: 180 | G5: 45448 | H5: Closed | I5: 0 | J5: BR029 | K5: OK
A6: LN00005 | B6: CUST00747 | C6: Gold Loan | D6: 220874 | E6: 10.96 | F6: 12 | G6: 41008 | H6: Closed | I6: 0 | J6: BR030 | K6: OK
A7: LN00006 | B7: CUST00419 | C7: Auto Loan | D7: 325647 | E7: 12.36 | F7: 24 | G7: 41691 | H7: Active | I7: 52167.34 | J7: BR023 | K7: OK
A8: LN00007 | B8: CUST00261 | C8: Gold Loan | D8: 41340 | E8: 9.32 | F8: 84 | G8: 41075 | H8: Active | I8: 19204.15 | J8: BR027 | K8: OK
A9: LN00008 | B9: CUST00201 | C9: Personal Loan | D9: 286056 | E9: 8.48 | F9: 180 | G9: 43291 | H9: Active | I9: 232282.13 | J9: BR010 | K9: OK
A10: LN00009 | B10: CUST00828 | C10: Gold Loan | D10: 61378 | E10: 8.74 | F10: 24 | G10: 45432 | H10: Active | I10: 40436.45 | J10: BR027 | K10: OK
A11: LN00010 | B11: CUST00211 | C11: Education Loan | D11: 787746 | E11: 14.59 | F11: 180 | G11: 42437 | H11: Active | I11: 387221.85 | J11: BR030 | K11: OK
A12: LN00011 | B12: CUST00252 | C12: Education Loan | D12: 1684206 | E12: 7.96 | F12: 240 | G12: 43152 | H12: Closed | I12: 0 | J12: BR029 | K12: OK
A13: LN00012 | B13: CUST00060 | C13: Home Loan | D13: 6696819 | E13: 12.85 | F13: 60 | G13: 42387 | H13: Closed | I13: 0 | J13: BR027 | K13: OK
... A158: LN00157 | B158: CUST00681 | C158: Gold Loan | D158: 435932 | E158: 9.93 | F158: 60 | G158: 41009 | H158: Active | I158: 46872.8 | J158: BR006 | K158: OK
A159: LN00158 | B159: CUST01048 | C159: Personal Loan | D159: 387359 | E159: 10.83 | F159: 60 | G159: 42501 | H159: Active | J159: BR011 | K159: Needs Review
A160: LN00159 | B160: CUST00050 | C160: Education Loan | D160: 1819930 | E160: 10.92 | F160: 12 | G160: 44389 | H160: Closed | I160: 0 | J160: BR015 | K160: OK
A161: LN00160 | B161: CUST00437 | C161: Personal Loan | D161: 749328 | E161: 10.29 | F161: 180 | G161: 43940 | H161: Default | I161: 632282.04 | J161: BR022 | K161: OK
A162: LN00161 | B162: CUST00554 | C162: Home Loan | D162: 5446137 | E162: 7.87 | F162: 180 | G162: 45608 | H162: Active | I162: 2813663.9 | J162: BR008 | K162: OK
A163: LN00162 | B163: CUST00822 | C163: Gold Loan | D163: 165624 | E163: 11.16 | F163: 24 | G163: 44946 | H163: Active | I163: 100302.86 | J163: BR021 | K163: OK
A164: LN00163 | B164: CUST00623 | C164: Education Loan | D164: 139611 | E164: 15.1 | F164: 24 | G164: 41050 | H164: Default | I164: 117635.3 | J164: BR007 | K164: OK
A165: LN00164 | B165: CUST00752 | C165: Home Loan | D165: 3412644 | E165: 16.48 | F165: 60 | G165: 44523 | H165: Active | I165: 120626.56 | J165: BR002 | K165: OK
A166: LN00165 | B166: CUST00321 | C166: Personal Loan | D166: 80040 | E166: 14.07 | F166: 120 | G166: 42103 | H166: Active | I166: 53726.33 | J166: BR029 | K166: OK
A167: LN00166 | B167: CUST00846 | C167: Business Loan | D167: 943891 | E167: 12.76 | F167: 60 | G167: 45482 | H167: Active | I167: 61979 | J167: BR026 | K167: OK
A168: LN00167 | B168: CUST00608 | C168: Personal Loan | D168: 445804 | E168: 10.98 | F168: 84 | G168: 42587 | H168: Active | I168: 375801.88 | J168: BR024 | K168: OK
A169: LN00168 | B169: CUST00023 | C169: Education Loan | D169: 535655 | E169: 7.63 | F169: 240 | G169: 42619 | H169: Closed | I169: 0 | J169: BR026 | K169: OK
A170: LN00169 | B170: CUST00505 | C170: Education Loan | D170: 1880479 | E170: 12.22 | F170: 12 | G170: 43707 | H170: Active | I170: 1442539.1 | J170: BR001 | K170: OK
A171: LN00170 | B171: CUST00660 | C171: Auto Loan | D171: 906866 | E171: 13.2 | F171: 120 | G171: 42893 | H171: Active | I171: 440199.94 | J171: BR006 | K171: OK
... A206: LN00205 | B206: CUST00074 | C206: Education Loan | D206: 974429 | E206: 7.99 | F206: 24 | G206: 42590 | H206: Active | I206: 693067.15 | J206: BR006 | K206: OK
A207: LN00206 | B207: CUST00158 | C207: Personal Loan | D207: 884808 | E207: 14.01 | F207: 24 | G207: 42850 | H207: Active | J207: BR003 | K207: Needs Review
A208: LN00207 | B208: CUST00672 | C208: Personal Loan | D208: 768703 | E208: 11.13 | F208: 36 | G208: 42194 | H208: Active | I208: 406793.03 | J208: BR002 | K208: OK
A209: LN00208 | B209: CUST00992 | C209: Home Loan | D209: 3447034 | E209: 9.56 | F209: 180 | G209: 44999 | H209: Closed | I209: 0 | J209: BR017 | K209: OK
A210: LN00209 | B210: CUST00877 | C210: Education Loan | D210: 270002 | E210: 9.23 | F210: 120 | G210: 44109 | H210: Active | I210: 143342.42 | J210: BR030 | K210: OK
A211: LN00210 | B211: CUST00176 | C211: Business Loan | D211: 4476442 | E211: 12.22 | F211: 240 | G211: 43218 | H211: NPA | I211: 2108135.1 | J211: BR010 | K211: OK
A212: LN00211 | B212: CUST00003 | C212: Auto Loan | D212: 461232 | E212: 12.61 | F212: 60 | G212: 42683 | H212: Active | I212: 327151.09 | J212: BR005 | K212: OK
A213: LN00212 | B213: CUST00286 | C213: Business Loan | D213: 1835864 | E213: 10.26 | F213: 120 | G213: 44656 | H213: Closed | I213: 0 | J213: BR016 | K213: OK
A214: LN00213 | B214: CUST00834 | C214: Home Loan | D214: 4624356 | E214: 11.88 | F214: 84 | G214: 43657 | H214: Closed | I214: 0 | J214: BR010 | K214: OK
A215: LN00214 | B215: CUST00301 | C215: Home Loan | D215: 3189929 | E215: 12.75 | F215: 84 | G215: 42204 | H215: Closed | I215: 0 | J215: BR004 | K215: OK
A216: LN00215 | B216: CUST00789 | C216: Home Loan | D216: 7288631 | E216: 14.26 | F216: 240 | G216: 44414 | H216: Active | I216: 4851898.8 | J216: BR001 | K216: OK
A217: LN00216 | B217: CUST00491 | C217: Auto Loan | D217: 857244 | E217: 11.97 | F217: 36 | G217: 43218 | H217: Active | I217: 285257.9 | J217: BR007 | K217: OK
A218: LN00217 | B218: CUST00339 | C218: Personal Loan | D218: 940216 | E218: 9.97 | F218: 84 | G218: 43003 | H218: Active | I218: 803339.43 | J218: BR006 | K218: OK
A219: LN00218 | B219: CUST00103 | C219: Education Loan | D219: 708391 | E219: 12.72 | F219: 12 | G219: 41290 | H219: Closed | I219: 0 | J219: BR023 | K219: OK
... A224: LN00223 | B224: CUST00756 | C224: Home Loan | D224: 3534463 | E224: 7.66 | F224: 24 | G224: 44064 | H224: Default | I224: 2406958.4 | J224: BR020 | K224: OK
A225: LN00224 | B225: CUST00912 | C225: Home Loan | D225: 5572322 | E225: 11.65 | F225: 24 | G225: 45464 | H225: Active | J225: BR020 | K225: Needs Review
A226: LN00225 | B226: CUST00998 | C226: Business Loan | D226: 4002868 | E226: 10.76 | F226: 24 | G226: 41522 | H226: Closed | I226: 0 | J226: BR024 | K226: OK
A227: LN00226 | B227: CUST00631 | C227: Home Loan | D227: 5032101 | E227: 12.18 | F227: 36 | G227: 45240 | H227: Closed | I227: 0 | J227: BR026 | K227: OK
A228: LN00227 | B228: CUST00916 | C228: Education Loan | D228: 1054453 | E228: 12.46 | F228: 180 | G228: 45432 | H228: Active | I228: 130301.12 | J228: BR023 | K228: OK
A229: LN00228 | B229: CUST00835 | C229: Education Loan | D229: 301300 | E229: 7.97 | F229: 60 | G229: 42441 | H229: Active | I229: 119083.09 | J229: BR027 | K229: OK
A230: LN00229 | B230: CUST00951 | C230: Business Loan | D230: 2956198 | E230: 15.02 | F230: 60 | G230: 41730 | H230: Closed | I230: 0 | J230: BR020 | K230: OK
A231: LN00230 | B231: CUST00946 | C231: Personal Loan | D231: 222069 | E231: 11.89 | F231: 180 | G231: 44350 | H231: Active | I231: 123133.69 | J231: BR025 | K231: OK
A232: LN00231 | B232: CUST00875 | C232: Home Loan | D232: 6467782 | E232: 12.87 | F232: 36 | G232: 42396 | H232: NPA | I232: 1171457.2 | J232: BR006 | K232: OK
A233: LN00232 | B233: CUST00142 | C233: Education Loan | D233: 1928913 | E233: 9.58 | F233: 12 | G233: 45489 | H233: NPA | I233: 601509.11 | J233: BR014 | K233: OK
A234: LN00233 | B234: CUST00391 | C234: Auto Loan | D234: 1303502 | E234: 11.71 | F234: 120 | G234: 42420 | H234: Active | I234: 231339.17 | J234: BR017 | K234: OK
A235: LN00234 | B235: CUST00224 | C235: Home Loan | D235: 2569080 | E235: 7.94 | F235: 180 | G235: 42042 | H235: Closed | I235: 0 | J235: BR018 | K235: OK
A236: LN00235 | B236: CUST00036 | C236: Gold Loan | D236: 28689 | E236: 15.91 | F236: 12 | G236: 45209 | H236: Active | I236: 1974.2 | J236: BR005 | K236: OK
A237: LN00236 | B237: CUST00850 | C237: Auto Loan | D237: 1070973 | E237: 11.49 | F237: 12 | G237: 41543 | H237: Active | I237: 615656.96 | J237: BR028 | K237: OK
... A370: LN00369 | B370: CUST00443 | C370: Auto Loan | D370: 671393 | E370: 14.86 | F370: 240 | G370: 43455 | H370: NPA | I370: 351689.12 | J370: BR028 | K370: OK
A371: LN00370 | B371: CUST00424 | C371: Home Loan | D371: 3660780 | E371: 14.61 | F371: 24 | G371: 42774 | H371: Active | J371: BR022 | K371: Needs Review
A372: LN00371 | B372: CUST00384 | C372: Home Loan | D372: 4135211 | E372: 15.64 | F372: 36 | G372: 42911 | H372: Closed | I372: 0 | J372: BR021 | K372: OK
A373: LN00372 | B373: CUST00102 | C373: Home Loan | D373: 2591250 | E373: 9.32 | F373: 84 | G373: 45184 | H373: Active | I373: 7825.74 | J373: BR003 | K373: OK
A374: LN00373 | B374: CUST00306 | C374: Auto Loan | D374: 1069391 | E374: 12.76 | F374: 12 | G374: 40946 | H374: Active | I374: 50201.48 | J374: BR029 | K374: OK
A375: LN00374 | B375: CUST00866 | C375: Education Loan | D375: 1435929 | E375: 14.82 | F375: 36 | G375: 45584 | H375: Active | I375: 72250.48 | J375: BR027 | K375: OK
A376: LN00375 | B376: CUST00635 | C376: Business Loan | D376: 588883 | E376: 14.84 | F376: 24 | G376: 42316 | H376: Active | I376: 245781.88 | J376: BR021 | K376: OK
A377: LN00376 | B377: CUST00475 | C377: Gold Loan | D377: 284023 | E377: 11.38 | F377: 12 | G377: 45468 | H377: NPA | I377: 231731.97 | J377: BR022 | K377: OK
A378: LN00377 | B378: CUST00638 | C378: Auto Loan | D378: 976804 | E378: 11.42 | F378: 36 | G378: 41320 | H378: NPA | I378: 782028.19 | J378: BR015 | K378: OK
A379: LN00378 | B379: CUST00571 | C379: Personal Loan | D379: 529569 | E379: 9.83 | F379: 120 | G379: 45547 | H379: Closed | I379: 0 | J379: BR023 | K379: OK
A380: LN00379 | B380: CUST00532 | C380: Gold Loan | D380: 303049 | E380: 15.45 | F380: 24 | G380: 45145 | H380: Active | I380: 211916.07 | J380: BR004 | K380: OK
A381: LN00380 | B381: CUST00999 | C381: Business Loan | D381: 2325535 | E381: 12.96 | F381: 84 | G381: 43326 | H381: NPA | I381: 328124.99 | J381: BR026 | K381: OK
A382: LN00381 | B382: CUST00582 | C382: Business Loan | D382: 1155213 | E382: 12.32 | F382: 24 | G382: 41930 | H382: Closed | I382: 0 | J382: BR002 | K382: OK
A383: LN00382 | B383: CUST00805 | C383: Home Loan | D383: 8470638 | E383: 12.46 | F383: 240 | G383: 42889 | H383: Closed | I383: 0 | J383: BR012 | K383: OK
... A415: LN00414 | B415: CUST00879 | C415: Personal Loan | D415: 279597 | E415: 12.49 | F415: 36 | G415: 42744 | H415: Active | I415: 65151.66 | J415: BR014 | K415: OK
A416: LN00415 | B416: CUST00721 | C416: Gold Loan | D416: 24898 | E416: 15.82 | F416: 120 | G416: 45348 | H416: Active | J416: BR004 | K416: Needs Review
A417: LN00416 | B417: CUST00225 | C417: Personal Loan | D417: 445887 | E417: 9.93 | F417: 24 | G417: 41012 | H417: Active | I417: 248246.7 | J417: BR004 | K417: OK
A418: LN00417 | B418: CUST00410 | C418: Gold Loan | D418: 418121 | E418: 16.25 | F418: 24 | G418: 44944 | H418: NPA | I418: 54673.87 | J418: BR008 | K418: OK
A419: LN00418 | B419: CUST00950 | C419: Personal Loan | D419: 640746 | E419: 11.28 | F419: 60 | G419: 45645 | H419: Closed | I419: 0 | J419: BR009 | K419: OK
A420: LN00419 | B420: CUST00382 | C420: Personal Loan | D420: 381434 | E420: 12.79 | F420: 12 | G420: 41454 | H420: Closed | I420: 0 | J420: BR017 | K420: OK
A421: LN00420 | B421: CUST00855 | C421: Gold Loan | D421: 365154 | E421: 16.29 | F421: 60 | G421: 42474 | H421: NPA | I421: 140613.04 | J421: BR026 | K421: OK
A422: LN00421 | B422: CUST00174 | C422: Personal Loan | D422: 840974 | E422: 9.41 | F422: 240 | G422: 44596 | H422: Active | I422: 65831.18 | J422: BR011 | K422: OK
A423: LN00422 | B423: CUST00649 | C423: Gold Loan | D423: 145490 | E423: 13.8 | F423: 24 | G423: 44746 | H423: Active | I423: 117817.85 | J423: BR024 | K423: OK
A424: LN00423 | B424: CUST00067 | C424: Education Loan | D424: 1108366 | E424: 7.75 | F424: 180 | G424: 43428 | H424: NPA | I424: 314586.27 | J424: BR004 | K424: OK
A425: LN00424 | B425: CUST00936 | C425: Personal Loan | D425: 792711 | E425: 13.02 | F425: 36 | G425: 41272 | H425: NPA | I425: 614079.55 | J425: BR011 | K425: OK
A426: LN00425 | B426: CUST00593 | C426: Home Loan | D426: 3197012 | E426: 13.41 | F426: 24 | G426: 41335 | H426: Closed | I426: 0 | J426: BR018 | K426: OK
A427: LN00426 | B427: CUST00164 | C427: Home Loan | D427: 1991125 | E427: 16.15 | F427: 12 | G427: 43924 | H427: Closed | I427: 0 | J427: BR022 | K427: OK
A428: LN00427 | B428: CUST00987 | C428: Personal Loan | D428: 229965 | E428: 8.89 | F428: 60 | G428: 43198 | H428: Active | J428: BR006 | K428: Needs Review
A429: LN00428 | B429: CUST00885 | C429: Education Loan | D429: 1570747 | E429: 16.06 | F429: 60 | G429: 43985 | H429: NPA | I429: 1150723.7 | J429: BR009 | K429: OK
A430: LN00429 | B430: CUST00069 | C430: Gold Loan | D430: 438043 | E430: 13.24 | F430: 240 | G430: 41058 | H430: Active | I430: 25690.01 | J430: BR002 | K430: OK
A431: LN00430 | B431: CUST00730 | C431: Gold Loan | D431: 215427 | E431: 13.56 | F431: 120 | G431: 44965 | H431: Active | I431: 55626.92 | J431: BR016 | K431: OK
A432: LN00431 | B432: CUST00465 | C432: Gold Loan | D432: 489453 | E432: 16.25 | F432: 240 | G432: 43628 | H432: Active | I432: 113960.31 | J432: BR008 | K432: OK
A433: LN00432 | B433: CUST00396 | C433: Business Loan | D433: 1306795 | E433: 13.94 | F433: 84 | G433: 42270 | H433: Active | I433: 72619.16 | J433: BR013 | K433: OK
A434: LN00433 | B434: CUST00551 | C434: Auto Loan | D434: 878052 | E434: 7.95 | F434: 12 | G434: 44400 | H434: NPA | I434: 139929.91 | J434: BR022 | K434: OK
A435: LN00434 | B435: CUST00298 | C435: Auto Loan | D435: 1233839 | E435: 15.21 | F435: 60 | G435: 43385 | H435: Active | I435: 999892.5 | J435: BR026 | K435: OK
A436: LN00435 | B436: CUST00770 | C436: Business Loan | D436: 656341 | E436: 16.16 | F436: 120 | G436: 44097 | H436: Closed | I436: 0 | J436: BR010 | K436: OK
A437: LN00436 | B437: CUST00648 | C437: Education Loan | D437: 1551247 | E437: 14.26 | F437: 240 | G437: 44033 | H437: Closed | I437: 0 | J437: BR003 | K437: OK
A438: LN00437 | B438: CUST00124 | C438: Personal Loan | D438: 798809 | E438: 10.27 | F438: 84 | G438: 42962 | H438: Active | I438: 340957.17 | J438: BR019 | K438: OK
A439: LN00438 | B439: CUST00518 | C439: Auto Loan | D439: 677036 | E439: 8.76 | F439: 180 | G439: 41337 | H439: Active | I439: 446138.75 | J439: BR023 | K439: OK
A440: LN00439 | B440: CUST01044 | C440: Auto Loan | D440: 411805 | E440: 12.86 | F440: 24 | G440: 42694 | H440: Active | I440: 269426.22 | J440: BR026 | K440: OK
... A601: LN00600 | B601: CUST00707 | C601: Business Loan | D601: 4355936 | E601: 13.74 | F601: 12 | G601: 42537 | H601: Active | I601: 2978164.9 | J601: BR030 | K601: OK

Sheet Creditcard_Data
A1: CardID | B1: CustomerID | C1: CardType | D1: CardLimit | E1: CurrentOutstanding | F1: IssueDate | G1: CardStatus | H1: LastPaymentDate | I1: LastPaymentDate_Status
A2: CC00001 | B2: CUST01006 | C2: Business | D2: 800000 | E2: 678824.1 | F2: 44125 | G2: Active | H2: 46270 | I2: OK
A3: CC00002 | B3: CUST00118 | C3: Signature | D3: 500000 | E3: 183158.54 | F3: 43565 | G3: Active | H3: 46237 | I3: OK
A4: CC00003 | B4: CUST00980 | C4: Business | D4: 800000 | E4: 399830.68 | F4: 43555 | G4: Closed | H4: 45994 | I4: OK
A5: CC00004 | B5: CUST00538 | C5: Classic | D5: 75000 | E5: 4050.2 | F5: 44666 | G5: Closed | H5: 45270 | I5: OK
A6: CC00005 | B6: CUST00714 | C6: Platinum | D6: 300000 | E6: 38955.28 | F6: 42604 | G6: Active | H6: 45417 | I6: OK
A7: CC00006 | B7: CUST00717 | C7: Business | D7: 800000 | E7: 704451.14 | F7: 43956 | G7: Active | H7: 46351 | I7: OK
A8: CC00007 | B8: CUST00519 | C8: Gold | D8: 150000 | E8: 54560.71 | F8: 42625 | G8: Active | H8: 46287 | I8: OK
A9: CC00008 | B9: CUST00945 | C9: Gold | D9: 150000 | E9: 69598.05 | F9: 42219 | G9: Closed | H9: 45860 | I9: OK
A10: CC00009 | B10: CUST00410 | C10: Signature | D10: 500000 | E10: 76247.69 | F10: 45814 | G10: Closed | I10: No Payment Recorded
A11: CC00010 | B11: CUST00388 | C11: Signature | D11: 500000 | E11: 383103.19 | F11: 45545 | G11: Active | H11: 45119 | I11: OK
A12: CC00011 | B12: CUST00687 | C12: Business | D12: 800000 | E12: 595147.97 | F12: 45266 | G12: Active | H12: 46366 | I12: OK
A13: CC00012 | B13: CUST00482 | C13: Signature | D13: 500000 | E13: 340228.21 | F13: 44973 | G13: Active | H13: 45324 | I13: OK
A14: CC00013 | B14: CUST00191 | C14: Signature | D14: 500000 | E14: 363924.91 | F14: 44855 | G14: Active | H14: 45024 | I14: OK
A15: CC00014 | B15: CUST00588 | C15: Business | D15: 800000 | E15: 832721.87 | F15: 42493 | G15: Active | I15: No Payment Recorded
A16: CC00015 | B16: CUST00595 | C16: Gold | D16: 150000 | E16: 3557.02 | F16: 45514 | G16: Active | H16: 45159 | I16: OK
A17: CC00016 | B17: CUST00650 | C17: Gold | D17: 150000 | E17: 150335.64 | F17: 44744 | G17: Active | H17: 45383 | I17: OK
A18: CC00017 | B18: CUST00134 | C18: Business | D18: 800000 | E18: 107698.93 | F18: 42922 | G18: Active | H18: 44959 | I18: OK
A19: CC00018 | B19: CUST00662 | C19: Platinum | D19: 300000 | E19: 169799.46 | F19: 43224 | G19: Active | H19: 45438 | I19: OK
A20: CC00019 | B20: CUST00230 | C20: Signature | D20: 500000 | E20: 409976.61 | F20: 42574 | G20: Blocked | H20: 46141 | I20: OK
A21: CC00020 | B21: CUST00160 | C21: Signature | D21: 500000 | E21: 430225.27 | F21: 45562 | G21: Active | H21: 46282 | I21: OK
A22: CC00021 | B22: CUST00522 | C22: Signature | D22: 500000 | E22: 106926.38 | F22: 44576 | G22: Active | I22: No Payment Recorded
A23: CC00022 | B23: CUST00691 | C23: Gold | D23: 150000 | E23: 83119.14 | F23: 42043 | G23: Closed | H23: 46242 | I23: OK
A24: CC00023 | B24: CUST00042 | C24: Classic | D24: 75000 | E24: 49797.72 | F24: 44873 | G24: Blocked | I24: No Payment Recorded
A25: CC00024 | B25: CUST00934 | C25: Gold | D25: 150000 | E25: 11233.8 | F25: 44746 | G25: Active | H25: 45436 | I25: OK
A26: CC00025 | B26: CUST00389 | C26: Classic | D26: 75000 | E26: 12601.81 | F26: 42831 | G26: Active | I26: No Payment Recorded
A27: CC00026 | B27: CUST00962 | C27: Business | D27: 800000 | E27: 215814.43 | F27: 43150 | G27: Closed | H27: 45646 | I27: OK
A28: CC00027 | B28: CUST00165 | C28: Platinum | D28: 300000 | E28: 49696.64 | F28: 44795 | G28: Active | H28: 45826 | I28: OK
A29: CC00028 | B29: CUST00085 | C29: Platinum | D29: 300000 | E29: 6632.43 | F29: 45651 | G29: Active | H29: 45082 | I29: OK
A30: CC00029 | B30: CUST00088 | C30: Gold | D30: 150000 | E30: 20946.51 | F30: 42906 | G30: Active | H30: 46368 | I30: OK
A31: CC00030 | B31: CUST01039 | C31: Business | D31: 800000 | E31: 13567.84 | F31: 42987 | G31: Active | H31: 45566 | I31: OK
A32: CC00031 | B32: CUST00795 | C32: Gold | D32: 150000 | E32: 95071.03 | F32: 43352 | G32: Active | H32: 45613 | I32: OK
A33: CC00032 | B33: CUST00950 | C33: Gold | D33: 150000 | E33: 132195.15 | F33: 44840 | G33: Closed | H33: 45794 | I33: OK
A34: CC00033 | B34: CUST00173 | C34: Classic | D34: 75000 | E34: 64858.15 | F34: 42719 | G34: Active | I34: No Payment Recorded
A35: CC00034 | B35: CUST00464 | C35: Platinum | D35: 300000 | E35: 205420.44 | F35: 42914 | G35: Active | H35: 46157 | I35: OK
A36: CC00035 | B36: CUST00928 | C36: Gold | D36: 150000 | E36: 137597.04 | F36: 45137 | G36: Active | H36: 46105 | I36: OK
A37: CC00036 | B37: CUST00028 | C37: Classic | D37: 75000 | E37: 51384.62 | F37: 43346 | G37: Blocked | H37: 45007 | I37: OK
A38: CC00037 | B38: CUST00302 | C38: Classic | D38: 75000 | E38: 30234.67 | F38: 42597 | G38: Active | H38: 45936 | I38: OK
A39: CC00038 | B39: CUST00115 | C39: Signature | D39: 500000 | E39: 72820.43 | F39: 42741 | G39: Active | H39: 45006 | I39: OK
A40: CC00039 | B40: CUST01012 | C40: Business | D40: 800000 | E40: 459034.51 | F40: 44037 | G40: Active | H40: 45620 | I40: OK
A41: CC00040 | B41: CUST00466 | C41: Business | D41: 800000 | E41: 350853.5 | F41: 44829 | G41: Active | H41: 45837 | I41: OK
A42: CC00041 | B42: CUST00990 | C42: Platinum | D42: 300000 | E42: 203730.98 | F42: 44206 | G42: Active | H42: 45972 | I42: OK
A43: CC00042 | B43: CUST00790 | C43: Gold | D43: 150000 | E43: 17113.16 | F43: 44483 | G43: Closed | I43: No Payment Recorded
A44: CC00043 | B44: CUST00031 | C44: Gold | D44: 150000 | E44: 113500.3 | F44: 45168 | G44: Active | H44: 45427 | I44: OK
A45: CC00044 | B45: CUST00694 | C45: Gold | D45: 150000 | E45: 107080.11 | F45: 43413 | G45: Closed | H45: 44974 | I45: OK
A46: CC00045 | B46: CUST00458 | C46: Gold | D46: 150000 | E46: 143743.36 | F46: 42472 | G46: Blocked | H46: 45722 | I46: OK
A47: CC00046 | B47: CUST00607 | C47: Gold | D47: 150000 | E47: 97852.05 | F47: 45105 | G47: Closed | H47: 45693 | I47: OK
A48: CC00047 | B48: CUST00102 | C48: Classic | D48: 75000 | E48: 62914.46 | F48: 42041 | G48: Active | H48: 46210 | I48: OK
A49: CC00048 | B49: CUST00041 | C49: Classic | D49: 75000 | E49: 65033.23 | F49: 42013 | G49: Active | I49: No Payment Recorded
A50: CC00049 | B50: CUST00735 | C50: Business | D50: 800000 | E50: 603561.79 | F50: 42195 | G50: Active | H50: 46069 | I50: OK
A51: CC00050 | B51: CUST00184 | C51: Gold | D51: 150000 | E51: 62255.55 | F51: 42651 | G51: Blocked | I51: No Payment Recorded
A52: CC00051 | B52: CUST00322 | C52: Signature | D52: 500000 | E52: 184279.23 | F52: 42043 | G52: Active | H52: 45609 | I52: OK
A53: CC00052 | B53: CUST00979 | C53: Classic | D53: 75000 | E53: 29076.47 | F53: 42650 | G53: Active | H53: 45459 | I53: OK
A54: CC00053 | B54: CUST00151 | C54: Platinum | D54: 300000 | E54: 250414.33 | F54: 42615 | G54: Closed | H54: 45123 | I54: OK
A55: CC00054 | B55: CUST00276 | C55: Business | D55: 800000 | E55: 594674.85 | F55: 45617 | G55: Active | H55: 45804 | I55: OK
A56: CC00055 | B56: CUST00912 | C56: Classic | D56: 75000 | E56: 45229 | F56: 44795 | G56: Active | H56: 45152 | I56: OK
A57: CC00056 | B57: CUST00506 | C57: Classic | D57: 75000 | E57: 62477.58 | F57: 44301 | G57: Active | H57: 45455 | I57: OK
A58: CC00057 | B58: CUST00526 | C58: Business | D58: 800000 | E58: 406133.59 | F58: 44510 | G58: Blocked | I58: No Payment Recorded
A59: CC00058 | B59: CUST00494 | C59: Signature | D59: 500000 | E59: 66356.18 | F59: 44838 | G59: Active | I59: No Payment Recorded
A60: CC00059 | B60: CUST00678 | C60: Business | D60: 800000 | E60: 115526.63 | F60: 42047 | G60: Closed | H60: 45366 | I60: OK
A61: CC00060 | B61: CUST00200 | C61: Platinum | D61: 300000 | E61: 60663.52 | F61: 44934 | G61: Active | H61: 45238 | I61: OK
A62: CC00061 | B62: CUST00343 | C62: Gold | D62: 150000 | E62: 6244.47 | F62: 45181 | G62: Active | H62: 45985 | I62: OK
A63: CC00062 | B63: CUST00501 | C63: Classic | D63: 75000 | E63: 22828.2 | F63: 44355 | G63: Active | I63: No Payment Recorded
A64: CC00063 | B64: CUST00120 | C64: Signature | D64: 500000 | E64: 285264.12 | F64: 42973 | G64: Blocked | H64: 46272 | I64: OK
A65: CC00064 | B65: CUST00656 | C65: Business | D65: 800000 | E65: 491977.25 | F65: 44712 | G65: Active | H65: 46258 | I65: OK
A66: CC00065 | B66: CUST00373 | C66: Signature | D66: 500000 | E66: 37121.79 | F66: 42487 | G66: Active | H66: 45867 | I66: OK
A67: CC00066 | B67: CUST00552 | C67: Business | D67: 800000 | E67: 556334.29 | F67: 44946 | G67: Blocked | H67: 46210 | I67: OK
A68: CC00067 | B68: CUST00027 | C68: Signature | D68: 500000 | E68: 338939.5 | F68: 45784 | G68: Active | H68: 45902 | I68: OK
A69: CC00068 | B69: CUST00493 | C69: Gold | D69: 150000 | E69: 25232.73 | F69: 45776 | G69: Active | H69: 46012 | I69: OK
A70: CC00069 | B70: CUST00076 | C70: Platinum | D70: 300000 | E70: 306424.06 | F70: 42614 | G70: Active | H70: 45576 | I70: OK
A71: CC00070 | B71: CUST00499 | C71: Business | D71: 800000 | E71: 610657.9 | F71: 43882 | G71: Closed | H71: 45097 | I71: OK
A72: CC00071 | B72: CUST00489 | C72: Classic | D72: 75000 | E72: 23195.72 | F72: 44641 | G72: Closed | H72: 45072 | I72: OK
A73: CC00072 | B73: CUST00543 | C73: Gold | D73: 150000 | E73: 60819.24 | F73: 43376 | G73: Active | H73: 46241 | I73: OK
A74: CC00073 | B74: CUST00172 | C74: Gold | D74: 150000 | E74: 11668.91 | F74: 42624 | G74: Blocked | H74: 46005 | I74: OK
A75: CC00074 | B75: CUST00612 | C75: Signature | D75: 500000 | E75: 421486.29 | F75: 43240 | G75: Blocked | I75: No Payment Recorded
A76: CC00075 | B76: CUST01028 | C76: Platinum | D76: 300000 | E76: 123850.14 | F76: 42244 | G76: Active | I76: No Payment Recorded
A77: CC00076 | B77: CUST00141 | C77: Classic | D77: 75000 | E77: 36725.19 | F77: 44799 | G77: Active | I77: No Payment Recorded
A78: CC00077 | B78: CUST00904 | C78: Platinum | D78: 300000 | E78: 313684.87 | F78: 42237 | G78: Blocked | H78: 45032 | I78: OK
A79: CC00078 | B79: CUST00698 | C79: Business | D79: 800000 | E79: 642259.66 | F79: 44929 | G79: Active | H79: 45637 | I79: OK
A80: CC00079 | B80: CUST00417 | C80: Gold | D80: 150000 | E80: 79163.34 | F80: 43980 | G80: Active | H80: 45254 | I80: OK
A81: CC00080 | B81: CUST01023 | C81: Business | D81: 800000 | E81: 457180.51 | F81: 43736 | G81: Active | H81: 45508 | I81: OK
A82: CC00081 | B82: CUST00560 | C82: Signature | D82: 500000 | E82: 85200.7 | F82: 45064 | G82: Active | H82: 45573 | I82: OK
A83: CC00082 | B83: CUST00689 | C83: Platinum | D83: 300000 | E83: 156019.09 | F83: 43503 | G83: Active | I83: No Payment Recorded
A84: CC00083 | B84: CUST00983 | C84: Gold | D84: 150000 | E84: 32463.64 | F84: 44384 | G84: Active | H84: 45384 | I84: OK
A85: CC00084 | B85: CUST00328 | C85: Platinum | D85: 300000 | E85: 248058.83 | F85: 45991 | G85: Active | H85: 45108 | I85: OK
A86: CC00085 | B86: CUST00619 | C86: Signature | D86: 500000 | E86: 58688.18 | F86: 43574 | G86: Active | H86: 45812 | I86: OK
A87: CC00086 | B87: CUST00297 | C87: Business | D87: 800000 | E87: 561010.25 | F87: 44478 | G87: Active | H87: 45861 | I87: OK
A88: CC00087 | B88: CUST00592 | C88: Business | D88: 800000 | E88: 26907.07 | F88: 43925 | G88: Active | H88: 46222 | I88: OK
A89: CC00088 | B89: CUST00572 | C89: Gold | D89: 150000 | E89: 14643.23 | F89: 43718 | G89: Active | H89: 46121 | I89: OK
A90: CC00089 | B90: CUST00540 | C90: Gold | D90: 150000 | E90: 16369.49 | F90: 45349 | G90: Active | H90: 46188 | I90: OK
A91: CC00090 | B91: CUST00977 | C91: Business | D91: 800000 | E91: 231512.36 | F91: 44575 | G91: Active | H91: 45203 | I91: OK
A92: CC00091 | B92: CUST00484 | C92: Platinum | D92: 300000 | E92: 101580.77 | F92: 44460 | G92: Active | H92: 45949 | I92: OK
A93: CC00092 | B93: CUST00697 | C93: Classic | D93: 75000 | E93: 8244.01 | F93: 44430 | G93: Active | H93: 45382 | I93: OK
A94: CC00093 | B94: CUST00669 | C94: Gold | D94: 150000 | E94: 97177.97 | F94: 43772 | G94: Blocked | H94: 45565 | I94: OK
A95: CC00094 | B95: CUST00256 | C95: Signature | D95: 500000 | E95: 59476.77 | F95: 45036 | G95: Closed | H95: 45865 | I95: OK
... A100: CC00099 | B100: CUST00188 | C100: Signature | D100: 500000 | E100: 308171.44 | F100: 44854 | G100: Active | H100: 45858 | I100: OK
A101: CC00100 | B101: CUST00069 | C101: Classic | D101: 75000 | E101: 40169.68 | F101: 45343 | G101: Active | I101: No Payment Recorded
A102: CC00101 | B102: CUST00411 | C102: Signature | D102: 500000 | E102: 48437.28 | F102: 42288 | G102: Active | H102: 45454 | I102: OK
A103: CC00102 | B103: CUST00462 | C103: Business | D103: 800000 | E103: 186495.51 | F103: 43143 | G103: Active | H103: 45119 | I103: OK
A104: CC00103 | B104: CUST00052 | C104: Business | D104: 800000 | E104: 667982.59 | F104: 42049 | G104: Active | H104: 45467 | I104: OK
...

Sheet Data_Quality_Log
A1: Sheet | B1: Column | C1: Issue Found | D1: Rows Affected | E1: Action Taken
A2: Customer_Data | B2: Gender | C2: Inconsistent casing/abbreviations (M/F/male/MALE etc.) | D2: 818 | E2: Standardized to Male / Female
A3: Customer_Data | B3: Phone | C3: 30 missing values; some had +91/dash prefixes | D3: 30 | E3: Stripped to 10-digit numeric string; missing left blank and flagged
A4: Customer_Data | B4: Email | C4: 57 missing values | D4: 57 | E4: Lower-cased; missing left blank and flagged
A5: Customer_Data | B5: PAN | C5: 98 missing, 18 not matching PAN format (stray spaces/chars) | D5: 116 | E5: Removed embedded spaces, upper-cased; added PAN_Valid flag column
A6: Customer_Data | B6: Aadhaar | C6: 100 missing, 18 not 12 digits | D6: 118 | E6: Removed non-digit characters; added Aadhaar_Valid flag column
A7: Customer_Data | B7: AnnualIncome | C7: 511 missing (49% of records) | D7: 511 | E7: Left blank (not imputed, to avoid biasing income analysis); flagged via AnnualIncome_Status
A8: Customer_Data | B8: DOB / AccountOpenDate | C8: Dates stored in 4+ mixed formats (DD-MM-YYYY, DD Mon YYYY, MM/DD/YYYY, YYYY-MM-DD) | D8: 1050 | E8: Parsed and standardized to a single date type (YYYY-MM-DD)
A9: Customer_Data | B9: DOB | C9: 41 records have a Date of Birth in the future | D9: 41 | E9: Flagged via DOB_Valid column; Age left blank for these records rather than showing a negative value
A10: Customer_Data | B10: AccountOpenDate | C10: 43 records have an account opening date earlier than the customer's DOB | D10: 43 | E10: Flagged via AccountOpenDate_Valid column for manual review
A11: Customer_Data | B11: CustomerName+DOB | C11: 100 records share the same name & date of birth (possible duplicate customer entries) | D11: 100 | E11: Flagged via DuplicateFlag column for manual review; not auto-deleted since CustomerIDs differ
A12: Customer_Data | B12: All rows | C12: Exact duplicate rows check | D12: 0 | E12: No exact duplicate rows found
A13: Branches_Data | B13: OpeningDate | C13: Date formatting standardized | D13: 30 | E13: Parsed to YYYY-MM-DD
... A19: Creditcard_Data | B19: IssueDate | C19: Mixed date formats | D19: 500 | E19: Standardized to YYYY-MM-DD
